{"type" : "FeatureCollection", "features" : [{"type" : "Feature", "properties" : {"station" : "A", "name" : "중구", "address" : "서울 중구 덕수궁길 15 ", "year" : 2020}, "geometry" : {"type":"Point","coordinates":[126.974501,37.564228]}}, {"type" : "Feature", "properties" : {"station" : "B", "name" : "용산구", "address" : "서울 용산구 한강대로 405", "year" : 2020}, "geometry" : {"type":"Point","coordinates":[126.971732,37.554842]}}, {"type" : "Feature", "properties" : {"station" : "A", "name" : "종로구", "address" : "서울 종로구 종로35가길 19 ", "year" : 2020}, "geometry" : {"type":"Point","coordinates":[127.005049,37.572049]}}, {"type" : "Feature", "properties" : {"station" : "B", "name" : "중구", "address" : "서울 중구 청계천로 184", "year" : 2020}, "geometry" : {"type":"Point","coordinates":[126.998189,37.568639]}}, {"type" : "Feature", "properties" : {"station" : "B", "name" : "종로구", "address" : "서울 종로구 종로 169", "year" : 2020}, "geometry" : {"type":"Point","coordinates":[126.996551,37.570923]}}, {"type" : "Feature", "properties" : {"station" : "A", "name" : "용산구", "address" : "서울 용산구 한남대로 136 ", "year" : 2020}, "geometry" : {"type":"Point","coordinates":[127.004863,37.540042]}}, {"type" : "Feature", "properties" : {"station" : "A", "name" : "광진구", "address" : "서울 광진구 광나루로 571 ", "year" : 2020}, "geometry" : {"type":"Point","coordinates":[127.093546,37.545451]}}, {"type" : "Feature", "properties" : {"station" : "A", "name" : "성동구", "address" : "서울 성동구 뚝섬로3길 18 ", "year" : 2020}, "geometry" : {"type":"Point","coordinates":[127.049693,37.542043]}}, {"type" : "Feature", "properties" : {"station" : "B", "name" : "성동구", "address" : "서울 성동구 강변북로 257", "year" : 2020}, "geometry" : {"type":"Point","coordinates":[127.040222,37.543768]}}, {"type" : "Feature", "properties" : {"station" : "A", "name" : "중랑구", "address" : "서울 중랑구 용마산로 369 ", "year" : 2020}, "geometry" : {"type":"Point","coordinates":[127.094041,37.584911]}}, {"type" : "Feature", "properties" : {"station" : "A", "name" : "동대문구", "address" : "서울 동대문구 천호대로 13길 43 ", "year" : 2020}, "geometry" : {"type":"Point","coordinates":[127.02884,37.575851]}}, {"type" : "Feature", "properties" : {"station" : "B", "name" : "동대문구", "address" : "서울동대문구 홍릉로 1", "year" : 2020}, "geometry" : {"type":"Point","coordinates":[127.0449,37.5804]}}, {"type" : "Feature", "properties" : {"station" : "A", "name" : "성북구", "address" : "서울 성북구 삼양로 2길 70 ", "year" : 2020}, "geometry" : {"type":"Point","coordinates":[127.027284,37.606717]}}, {"type" : "Feature", "properties" : {"station" : "B", "name" : "성북구", "address" : "서울 성북구 돈암동 8-164 ", "year" : 2020}, "geometry" : {"type":"Point","coordinates":[127.025967,37.603498]}}, {"type" : "Feature", "properties" : {"station" : "A", "name" : "도봉구", "address" : "서울 도봉구 시루봉로 2길 34 ", "year" : 2020}, "geometry" : {"type":"Point","coordinates":[127.029101,37.654198]}}, {"type" : "Feature", "properties" : {"station" : "A", "name" : "은평구", "address" : "서울 은평구 진흥로 215 ", "year" : 2020}, "geometry" : {"type":"Point","coordinates":[126.933142,37.610129]}}, {"type" : "Feature", "properties" : {"station" : "A", "name" : "서대문구", "address" : "서울 서대문구 세검정로4길 32", "year" : 2020}, "geometry" : {"type":"Point","coordinates":[126.949727,37.593771]}}, {"type" : "Feature", "properties" : {"station" : "A", "name" : "마포구", "address" : "서울 마포구 포은로6길 10", "year" : 2020}, "geometry" : {"type":"Point","coordinates":[126.905705,37.5556]}}, {"type" : "Feature", "properties" : {"station" : "B", "name" : "마포구", "address" : "서울 마포구 노고산동 57-62", "year" : 2020}, "geometry" : {"type":"Point","coordinates":[126.936076,37.555202]}}, {"type" : "Feature", "properties" : {"station" : "A", "name" : "강서구", "address" : "서울 강서구 강서로 45다길 71 ", "year" : 2020}, "geometry" : {"type":"Point","coordinates":[126.835184,37.544681]}}, {"type" : "Feature", "properties" : {"station" : "B", "name" : "강서구", "address" : "서울 강서구 마곡동 727-1091 ", "year" : 2020}, "geometry" : {"type":"Point","coordinates":[126.82851,37.55968]}}, {"type" : "Feature", "properties" : {"station" : "A", "name" : "구로구", "address" : "서울 구로구 가마산로 27길 45 ", "year" : 2020}, "geometry" : {"type":"Point","coordinates":[126.889744,37.498542]}}, {"type" : "Feature", "properties" : {"station" : "A", "name" : "영등포구", "address" : "서울 영등포구 양산로 23길 11 ", "year" : 2020}, "geometry" : {"type":"Point","coordinates":[126.897374,37.524914]}}, {"type" : "Feature", "properties" : {"station" : "B", "name" : "영등포구", "address" : "서울 영등포구 영중로 37 ", "year" : 2020}, "geometry" : {"type":"Point","coordinates":[126.904662,37.51936]}}, {"type" : "Feature", "properties" : {"station" : "A", "name" : "동작구", "address" : "서울 동작구 사당로 16아길 6 ", "year" : 2020}, "geometry" : {"type":"Point","coordinates":[126.971648,37.480983]}}, {"type" : "Feature", "properties" : {"station" : "B", "name" : "동작구", "address" : "서울 서울 동작구 사당동 739", "year" : 2020}, "geometry" : {"type":"Point","coordinates":[126.98265,37.4917]}}, {"type" : "Feature", "properties" : {"station" : "A", "name" : "관악구", "address" : "서울 관악구 신림동길 14 ", "year" : 2020}, "geometry" : {"type":"Point","coordinates":[126.9271,37.487335]}}, {"type" : "Feature", "properties" : {"station" : "A", "name" : "강남구", "address" : "서울 강남구 학동로 426 ", "year" : 2020}, "geometry" : {"type":"Point","coordinates":[127.047572,37.51749]}}, {"type" : "Feature", "properties" : {"station" : "A", "name" : "서초구", "address" : "서울 서초구 신반포로 15길 16 ", "year" : 2020}, "geometry" : {"type":"Point","coordinates":[126.994466,37.504561]}}, {"type" : "Feature", "properties" : {"station" : "B", "name" : "강남구", "address" : "서울 강남구 도산대로 104 ", "year" : 2020}, "geometry" : {"type":"Point","coordinates":[127.02034,37.516078]}}, {"type" : "Feature", "properties" : {"station" : "B", "name" : "서초구", "address" : "서울 서초구 강남대로 201", "year" : 2020}, "geometry" : {"type":"Point","coordinates":[127.03666,37.4821]}}, {"type" : "Feature", "properties" : {"station" : "A", "name" : "송파구", "address" : "서울 송파구 백제고분로 236", "year" : 2020}, "geometry" : {"type":"Point","coordinates":[127.092525,37.502697]}}, {"type" : "Feature", "properties" : {"station" : "A", "name" : "강동구", "address" : "서울 강동구 구천면로 42길 59 ", "year" : 2020}, "geometry" : {"type":"Point","coordinates":[127.136802,37.545009]}}, {"type" : "Feature", "properties" : {"station" : "B", "name" : "강동구", "address" : "서울 강동구 천호대로 1151", "year" : 2020}, "geometry" : {"type":"Point","coordinates":[127.139349,37.534161]}}, {"type" : "Feature", "properties" : {"station" : "A", "name" : "금천구", "address" : "서울 금천구 금하로 21길 20 ", "year" : 2020}, "geometry" : {"type":"Point","coordinates":[126.908318,37.452401]}}, {"type" : "Feature", "properties" : {"station" : "B", "name" : "금천구", "address" : "서울 금천구 독산동 996-9", "year" : 2020}, "geometry" : {"type":"Point","coordinates":[126.8989,37.4755]}}, {"type" : "Feature", "properties" : {"station" : "A", "name" : "금천구", "address" : "서울 강북구 삼양로139길 49 ", "year" : 2020}, "geometry" : {"type":"Point","coordinates":[127.011947,37.647965]}}, {"type" : "Feature", "properties" : {"station" : "A", "name" : "양천구", "address" : "서울 양천구 중앙로 52길 56", "year" : 2020}, "geometry" : {"type":"Point","coordinates":[126.856597,37.52595]}}, {"type" : "Feature", "properties" : {"station" : "A", "name" : "노원구", "address" : "서울 노원구 상계로 23길 17", "year" : 2020}, "geometry" : {"type":"Point","coordinates":[127.068527,37.658823]}}, {"type" : "Feature", "properties" : {"station" : "B", "name" : "노원구", "address" : "서울 노원구 화랑로 429 ", "year" : 2020}, "geometry" : {"type":"Point","coordinates":[127.075168,37.617797]}}, {"type" : "Feature", "properties" : {"station" : "A", "name" : "수원시 팔달구", "address" : "경기 수원시 팔달구 신풍로 23번길 68", "year" : 2020}, "geometry" : {"type":"Point","coordinates":[127.010468,37.283846]}}, {"type" : "Feature", "properties" : {"station" : "A", "name" : "수원시 팔달구", "address" : "경기 수원시 팔달구 효원로 241", "year" : 2020}, "geometry" : {"type":"Point","coordinates":[127.028726,37.263632]}}, {"type" : "Feature", "properties" : {"station" : "A", "name" : "수원시 영통구", "address" : "경기 수원시 영통구 법조로 129", "year" : 2020}, "geometry" : {"type":"Point","coordinates":[127.070619,37.291316]}}, {"type" : "Feature", "properties" : {"station" : "A", "name" : "수원시 영통구", "address" : "경기 수원시 영통구 영통로217번길 12", "year" : 2020}, "geometry" : {"type":"Point","coordinates":[127.056297,37.246897]}}, {"type" : "Feature", "properties" : {"station" : "A", "name" : "수원시 장안구", "address" : "경기 수원시 장안구 서부로 2066", "year" : 2020}, "geometry" : {"type":"Point","coordinates":[126.977452,37.294899]}}, {"type" : "Feature", "properties" : {"station" : "B", "name" : "수원시 팔달구", "address" : "경기 수원시 팔달구 인계동 1047", "year" : 2020}, "geometry" : {"type":"Point","coordinates":[127.0306,37.2781]}}, {"type" : "Feature", "properties" : {"station" : "A", "name" : "수원시 권선구", "address" : "경기 수원시 권선구 서부로 1600", "year" : 2020}, "geometry" : {"type":"Point","coordinates":[126.976369,37.252277]}}, {"type" : "Feature", "properties" : {"station" : "A", "name" : "수원시 권선구", "address" : "경기 수원시 권선구 칠보로 161", "year" : 2020}, "geometry" : {"type":"Point","coordinates":[126.957011,37.266149]}}, {"type" : "Feature", "properties" : {"station" : "B", "name" : "성남시 분당구", "address" : "경기 성남시 분당구 판교동 652-1", "year" : 2020}, "geometry" : {"type":"Point","coordinates":[127.102754,37.382258]}}, {"type" : "Feature", "properties" : {"station" : "A", "name" : "성남시 수정구", "address" : "경기 성남시 수정구 희망로506번길 21", "year" : 2020}, "geometry" : {"type":"Point","coordinates":[127.155478,37.449317]}}, {"type" : "Feature", "properties" : {"station" : "A", "name" : "성남시 분당구", "address" : "경기 성남시 분당구 황새울로18번길 14", "year" : 2020}, "geometry" : {"type":"Point","coordinates":[127.111534,37.361428]}}, {"type" : "Feature", "properties" : {"station" : "A", "name" : "성남시 분당구", "address" : "경기 성남시 분당구 분당로 50", "year" : 2020}, "geometry" : {"type":"Point","coordinates":[127.119144,37.382625]}}, {"type" : "Feature", "properties" : {"station" : "B", "name" : "성남시 중원구", "address" : "경기 경기 성남시 수정구 수진동 4531", "year" : 2020}, "geometry" : {"type":"Point","coordinates":[127.1293,37.4339]}}, {"type" : "Feature", "properties" : {"station" : "A", "name" : "성남시 수정구", "address" : "경기 성남시 수정구 복정동 515", "year" : 2020}, "geometry" : {"type":"Point","coordinates":[127.13117,37.45719]}}, {"type" : "Feature", "properties" : {"station" : "A", "name" : "성남시 분당구", "address" : "경기 성남시 분당구 운중로 138번길 10", "year" : 2020}, "geometry" : {"type":"Point","coordinates":[127.077866,37.390501]}}, {"type" : "Feature", "properties" : {"station" : "A", "name" : "성남시 중원구", "address" : "경기 성남시 중원구 둔촌대로 425", "year" : 2020}, "geometry" : {"type":"Point","coordinates":[127.164349,37.433161]}}, {"type" : "Feature", "properties" : {"station" : "A", "name" : "의정부시", "address" : "경기 의정부시 범골로 138 ", "year" : 2020}, "geometry" : {"type":"Point","coordinates":[127.040428,37.735617]}}, {"type" : "Feature", "properties" : {"station" : "A", "name" : "의정부시", "address" : "경기 의정부시 가능로 152번길 14 ", "year" : 2020}, "geometry" : {"type":"Point","coordinates":[127.047585,37.746379]}}, {"type" : "Feature", "properties" : {"station" : "A", "name" : "의정부시", "address" : "경기 의정부시 민락동 886", "year" : 2020}, "geometry" : {"type":"Point","coordinates":[127.1059,37.7481]}}, {"type" : "Feature", "properties" : {"station" : "A", "name" : "안양시 만안구", "address" : "경기 안양시 만안구 안양로 170번길 23 ", "year" : 2020}, "geometry" : {"type":"Point","coordinates":[126.930611,37.390036]}}, {"type" : "Feature", "properties" : {"station" : "A", "name" : "안양시 동안구", "address" : "경기 안양시 동안구 시민대로 235", "year" : 2020}, "geometry" : {"type":"Point","coordinates":[126.95771,37.394395]}}, {"type" : "Feature", "properties" : {"station" : "A", "name" : "안양시 동안구", "address" : "경기 안양시 동안구 경수대로 504", "year" : 2020}, "geometry" : {"type":"Point","coordinates":[126.958803,37.367671]}}, {"type" : "Feature", "properties" : {"station" : "A", "name" : "안양시 만안구", "address" : "경기 안양시 만안구 안양로 384번길 50", "year" : 2020}, "geometry" : {"type":"Point","coordinates":[126.917826,37.405093]}}, {"type" : "Feature", "properties" : {"station" : "A", "name" : "광명시", "address" : "경기 광명시 시청로 20 ", "year" : 2020}, "geometry" : {"type":"Point","coordinates":[126.864631,37.478039]}}, {"type" : "Feature", "properties" : {"station" : "A", "name" : "광명시", "address" : "경기 광명시 소하일로 7", "year" : 2020}, "geometry" : {"type":"Point","coordinates":[126.887997,37.445463]}}, {"type" : "Feature", "properties" : {"station" : "A", "name" : "안산시 단원구", "address" : "경기 안산시 단원구 화랑로 387", "year" : 2020}, "geometry" : {"type":"Point","coordinates":[126.831598,37.322168]}}, {"type" : "Feature", "properties" : {"station" : "A", "name" : "안산시 단원구", "address" : "경기 안산시 단원구 산단로 112 ", "year" : 2020}, "geometry" : {"type":"Point","coordinates":[126.788521,37.3053]}}, {"type" : "Feature", "properties" : {"station" : "A", "name" : "안산시 상록구", "address" : "경기 안산시 상록구 각골로 75 ", "year" : 2020}, "geometry" : {"type":"Point","coordinates":[126.872311,37.296117]}}, {"type" : "Feature", "properties" : {"station" : "A", "name" : "안산시 단원구", "address" : "경기 안산시 단원구 원선로 91 ", "year" : 2020}, "geometry" : {"type":"Point","coordinates":[126.801774,37.331665]}}, {"type" : "Feature", "properties" : {"station" : "A", "name" : "안산시 상록구", "address" : "경기 안산시 상록구 성호로 326 ", "year" : 2020}, "geometry" : {"type":"Point","coordinates":[126.860991,37.331781]}}, {"type" : "Feature", "properties" : {"station" : "A", "name" : "안산시 단원구", "address" : "경기 안산시 단원구 대부중앙로 97-9", "year" : 2020}, "geometry" : {"type":"Point","coordinates":[126.585195,37.243548]}}, {"type" : "Feature", "properties" : {"station" : "A", "name" : "안산시 단원구", "address" : "경기 안산시 단원구 안산천남로 119", "year" : 2020}, "geometry" : {"type":"Point","coordinates":[126.833489,37.304968]}}, {"type" : "Feature", "properties" : {"station" : "B", "name" : "안산시 단원구", "address" : "경기 안산시 단원구 고잔동 554-1", "year" : 2020}, "geometry" : {"type":"Point","coordinates":[126.82812,37.31666]}}, {"type" : "Feature", "properties" : {"station" : "A", "name" : "과천시", "address" : "경기 과천시 코오롱로 53 ", "year" : 2020}, "geometry" : {"type":"Point","coordinates":[126.994483,37.423908]}}, {"type" : "Feature", "properties" : {"station" : "A", "name" : "과천시", "address" : "경기 과천시 과천동 249", "year" : 2020}, "geometry" : {"type":"Point","coordinates":[127.003133,37.448968]}}, {"type" : "Feature", "properties" : {"station" : "A", "name" : "구리시", "address" : "경기 구리시 아차산로 439", "year" : 2020}, "geometry" : {"type":"Point","coordinates":[127.129937,37.594372]}}, {"type" : "Feature", "properties" : {"station" : "A", "name" : "구리시", "address" : "경기 구리시 동구릉로 217-14 ", "year" : 2020}, "geometry" : {"type":"Point","coordinates":[127.138492,37.618403]}}, {"type" : "Feature", "properties" : {"station" : "A", "name" : "의왕시", "address" : "경기 의왕시 덕영대로 166 ", "year" : 2020}, "geometry" : {"type":"Point","coordinates":[126.957304,37.317711]}}, {"type" : "Feature", "properties" : {"station" : "A", "name" : "의왕시", "address" : "경기 의왕시 시청로11", "year" : 2020}, "geometry" : {"type":"Point","coordinates":[126.969096,37.344792]}}, {"type" : "Feature", "properties" : {"station" : "A", "name" : "시흥시", "address" : "경기 시흥시 정왕대로233번길 19 ", "year" : 2020}, "geometry" : {"type":"Point","coordinates":[126.740128,37.346657]}}, {"type" : "Feature", "properties" : {"station" : "A", "name" : "시흥시", "address" : "경기 시흥시 공단1대로 204 ", "year" : 2020}, "geometry" : {"type":"Point","coordinates":[126.724114,37.337205]}}, {"type" : "Feature", "properties" : {"station" : "A", "name" : "시흥시", "address" : "경기 시흥시 복지로 37 ", "year" : 2020}, "geometry" : {"type":"Point","coordinates":[126.78853,37.443061]}}, {"type" : "Feature", "properties" : {"station" : "A", "name" : "시흥시", "address" : "경기 시흥시 솔고개길 33 ", "year" : 2020}, "geometry" : {"type":"Point","coordinates":[126.861284,37.385595]}}, {"type" : "Feature", "properties" : {"station" : "A", "name" : "시흥시", "address" : "경기 시흥시 시청로 20 ", "year" : 2020}, "geometry" : {"type":"Point","coordinates":[126.803296,37.380112]}}, {"type" : "Feature", "properties" : {"station" : "A", "name" : "남양주시", "address" : "경기 남양주시 경춘로 1037 ", "year" : 2020}, "geometry" : {"type":"Point","coordinates":[127.216278,37.635704]}}, {"type" : "Feature", "properties" : {"station" : "A", "name" : "남양주시", "address" : "경기 남양주시 오남읍 진건오남로 806-34", "year" : 2020}, "geometry" : {"type":"Point","coordinates":[127.204762,37.698772]}}, {"type" : "Feature", "properties" : {"station" : "A", "name" : "남양주시", "address" : "경기 남양주시 별내중앙로 148", "year" : 2020}, "geometry" : {"type":"Point","coordinates":[127.116027,37.65308]}}, {"type" : "Feature", "properties" : {"station" : "A", "name" : "남양주시", "address" : "경기 남양주시 화도읍 비룡로 59", "year" : 2020}, "geometry" : {"type":"Point","coordinates":[127.300458,37.657804]}}, {"type" : "Feature", "properties" : {"station" : "B", "name" : "남양주시", "address" : "경기 남양주시 다산동 산3109-4", "year" : 2020}, "geometry" : {"type":"Point","coordinates":[127.163,37.6088]}}, {"type" : "Feature", "properties" : {"station" : "A", "name" : "평택시", "address" : "경기 평택시 경기대로 245 ", "year" : 2020}, "geometry" : {"type":"Point","coordinates":[127.112913,36.99241]}}, {"type" : "Feature", "properties" : {"station" : "A", "name" : "평택시", "address" : "경기 평택시 안중읍 안현로 400 ", "year" : 2020}, "geometry" : {"type":"Point","coordinates":[126.931344,36.985733]}}, {"type" : "Feature", "properties" : {"station" : "A", "name" : "평택시", "address" : "경기 평택시 포승읍 평택항로184번길 38 ", "year" : 2020}, "geometry" : {"type":"Point","coordinates":[126.845512,36.974683]}}, {"type" : "Feature", "properties" : {"station" : "A", "name" : "평택시", "address" : "경기 평택시 지산2로 113 송북동 ", "year" : 2020}, "geometry" : {"type":"Point","coordinates":[127.06016,37.081638]}}, {"type" : "Feature", "properties" : {"station" : "A", "name" : "평택시", "address" : "경기 평택시 청북읍 안청로2길 60", "year" : 2020}, "geometry" : {"type":"Point","coordinates":[126.917848,37.020925]}}, {"type" : "Feature", "properties" : {"station" : "A", "name" : "파주시", "address" : "경기 파주시 후곡로 13", "year" : 2020}, "geometry" : {"type":"Point","coordinates":[126.774149,37.756061]}}, {"type" : "Feature", "properties" : {"station" : "A", "name" : "파주시", "address" : "경기 파주시 와석순환로 470 ", "year" : 2020}, "geometry" : {"type":"Point","coordinates":[126.75643,37.72315]}}, {"type" : "Feature", "properties" : {"station" : "C", "name" : "파주시", "address" : "경기 파주시 군내면 통일촌길 220 ", "year" : 2020}, "geometry" : {"type":"Point","coordinates":[126.730921,37.906121]}}, {"type" : "Feature", "properties" : {"station" : "A", "name" : "파주시", "address" : "경기 파주시 파주읍 교육길 13 ", "year" : 2020}, "geometry" : {"type":"Point","coordinates":[126.833005,37.830846]}}, {"type" : "Feature", "properties" : {"station" : "A", "name" : "고양시 덕양구", "address" : "경기 고양시 덕양구 화신로 148 ", "year" : 2020}, "geometry" : {"type":"Point","coordinates":[126.842155,37.625066]}}, {"type" : "Feature", "properties" : {"station" : "A", "name" : "고양시 일산동구", "address" : "경기 고양시 일산동구 위시티로 151", "year" : 2020}, "geometry" : {"type":"Point","coordinates":[126.813324,37.685625]}}, {"type" : "Feature", "properties" : {"station" : "B", "name" : "고양시 일산동구", "address" : "경기 고양시 일산동구 장항2동 888", "year" : 2020}, "geometry" : {"type":"Point","coordinates":[126.776,37.6545]}}, {"type" : "Feature", "properties" : {"station" : "A", "name" : "고양시 덕양구", "address" : "경기 고양시 덕양구 신원2로 24 ", "year" : 2020}, "geometry" : {"type":"Point","coordinates":[126.886374,37.666479]}}, {"type" : "Feature", "properties" : {"station" : "A", "name" : "고양시 일산서구", "address" : "경기 고양시 일산서구 주엽로 104", "year" : 2020}, "geometry" : {"type":"Point","coordinates":[126.756504,37.668461]}}, {"type" : "Feature", "properties" : {"station" : "A", "name" : "광주시", "address" : "경기 광주시 중앙로 128 ", "year" : 2020}, "geometry" : {"type":"Point","coordinates":[127.257946,37.411132]}}, {"type" : "Feature", "properties" : {"station" : "A", "name" : "광주시", "address" : "경기 광주시 오포읍 오포로 859번길 29", "year" : 2020}, "geometry" : {"type":"Point","coordinates":[127.228619,37.366152]}}, {"type" : "Feature", "properties" : {"station" : "A", "name" : "광주시", "address" : "경기 광주시 곤지암읍 광여로 59", "year" : 2020}, "geometry" : {"type":"Point","coordinates":[127.352404,37.350945]}}, {"type" : "Feature", "properties" : {"station" : "A", "name" : "용인시 처인구", "address" : "경기 용인시 처인구 금령로 50 ", "year" : 2020}, "geometry" : {"type":"Point","coordinates":[127.201732,37.234387]}}, {"type" : "Feature", "properties" : {"station" : "A", "name" : "용인시 수지구", "address" : "경기 용인시 수지구 수지로 342번길 3", "year" : 2020}, "geometry" : {"type":"Point","coordinates":[127.094992,37.327909]}}, {"type" : "Feature", "properties" : {"station" : "A", "name" : "용인시 기흥구", "address" : "경기 용인시 기흥구 관곡로 95", "year" : 2020}, "geometry" : {"type":"Point","coordinates":[127.114924,37.280348]}}, {"type" : "Feature", "properties" : {"station" : "A", "name" : "용인시 기흥구", "address" : "경기 기흥구 구갈동 355", "year" : 2020}, "geometry" : {"type":"Point","coordinates":[127.114924,37.280348]}}, {"type" : "Feature", "properties" : {"station" : "B", "name" : "용인시 기흥구", "address" : "경기 용인시 기흥구 구갈동 505-3", "year" : 2020}, "geometry" : {"type":"Point","coordinates":[127.11355,37.27533]}}, {"type" : "Feature", "properties" : {"station" : "A", "name" : "용인시 처인구", "address" : "경기 용인시 처인구 모현읍 독점로 31-6 ", "year" : 2020}, "geometry" : {"type":"Point","coordinates":[127.242365,37.329512]}}, {"type" : "Feature", "properties" : {"station" : "A", "name" : "용인시 처인구", "address" : "경기 용인시 처인구 이동읍 경기동로 673", "year" : 2020}, "geometry" : {"type":"Point","coordinates":[127.196073,37.141039]}}, {"type" : "Feature", "properties" : {"station" : "A", "name" : "용인시 처인구", "address" : "경기 용인시 처인구 백암면 백암로185번길 12", "year" : 2020}, "geometry" : {"type":"Point","coordinates":[127.374895,37.163275]}}, {"type" : "Feature", "properties" : {"station" : "C", "name" : "이천시", "address" : "경기 이천시 설성면 신필리 산 88-5 ", "year" : 2020}, "geometry" : {"type":"Point","coordinates":[127.547221,37.138638]}}, {"type" : "Feature", "properties" : {"station" : "A", "name" : "이천시", "address" : "경기 이천시 영창로 163번길 28", "year" : 2020}, "geometry" : {"type":"Point","coordinates":[127.440923,37.283498]}}, {"type" : "Feature", "properties" : {"station" : "A", "name" : "이천시", "address" : "경기 이천시 장호원읍 오남리 27 ", "year" : 2020}, "geometry" : {"type":"Point","coordinates":[127.629676,37.114278]}}, {"type" : "Feature", "properties" : {"station" : "A", "name" : "이천시", "address" : "경기 이천시 부발읍 무촌로 117 ", "year" : 2020}, "geometry" : {"type":"Point","coordinates":[127.486688,37.283282]}}, {"type" : "Feature", "properties" : {"station" : "C", "name" : "포천시", "address" : "경기 포천시 관인면 사정리 140", "year" : 2020}, "geometry" : {"type":"Point","coordinates":[127.252478,38.123843]}}, {"type" : "Feature", "properties" : {"station" : "A", "name" : "포천시", "address" : "경기 포천시 삼육사로2186번길 11-15 ", "year" : 2020}, "geometry" : {"type":"Point","coordinates":[127.159309,37.853476]}}, {"type" : "Feature", "properties" : {"station" : "A", "name" : "포천시", "address" : "경기 포천시 화동로 1099번길 30", "year" : 2020}, "geometry" : {"type":"Point","coordinates":[127.317322,37.961322]}}, {"type" : "Feature", "properties" : {"station" : "A", "name" : "김포시", "address" : "경기 김포시 돌문로 51 ", "year" : 2020}, "geometry" : {"type":"Point","coordinates":[126.71685,37.619364]}}, {"type" : "Feature", "properties" : {"station" : "A", "name" : "김포시", "address" : "경기 김포시 고촌읍 신곡로 152", "year" : 2020}, "geometry" : {"type":"Point","coordinates":[126.762843,37.606773]}}, {"type" : "Feature", "properties" : {"station" : "A", "name" : "김포시", "address" : "경기 김포시 월곶면 군하로 263 ", "year" : 2020}, "geometry" : {"type":"Point","coordinates":[126.552843,37.715133]}}, {"type" : "Feature", "properties" : {"station" : "A", "name" : "김포시", "address" : "경기 김포시 양촌읍 양곡2로 30번길 46 ", "year" : 2020}, "geometry" : {"type":"Point","coordinates":[126.629417,37.653178]}}, {"type" : "Feature", "properties" : {"station" : "B", "name" : "김포시", "address" : "경기 김포시 장기동 1924-4", "year" : 2020}, "geometry" : {"type":"Point","coordinates":[126.67507,37.64912]}}, {"type" : "Feature", "properties" : {"station" : "A", "name" : "군포시", "address" : "경기 군포시 산본로197번길 36 ", "year" : 2020}, "geometry" : {"type":"Point","coordinates":[126.945168,37.353718]}}, {"type" : "Feature", "properties" : {"station" : "A", "name" : "군포시", "address" : "경기 군포시 청백리길 6 ", "year" : 2020}, "geometry" : {"type":"Point","coordinates":[126.935018,37.361881]}}, {"type" : "Feature", "properties" : {"station" : "A", "name" : "오산시", "address" : "경기 오산시 경기동로 51 ", "year" : 2020}, "geometry" : {"type":"Point","coordinates":[127.077309,37.158854]}}, {"type" : "Feature", "properties" : {"station" : "B", "name" : "오산시", "address" : "경기 오산시 금암동 542-14", "year" : 2020}, "geometry" : {"type":"Point","coordinates":[127.051944,37.170566]}}, {"type" : "Feature", "properties" : {"station" : "A", "name" : "하남시", "address" : "경기 하남시 대청로 10 ", "year" : 2020}, "geometry" : {"type":"Point","coordinates":[127.214979,37.539356]}}, {"type" : "Feature", "properties" : {"station" : "A", "name" : "하남시", "address" : "경기 하남시 아리수로 531", "year" : 2020}, "geometry" : {"type":"Point","coordinates":[127.18606,37.567173]}}, {"type" : "Feature", "properties" : {"station" : "A", "name" : "화성시", "address" : "경기 화성시 남양성지로 192-5 ", "year" : 2020}, "geometry" : {"type":"Point","coordinates":[126.823856,37.211431]}}, {"type" : "Feature", "properties" : {"station" : "A", "name" : "화성시", "address" : "경기 화성시 향남읍 발안로 89 ", "year" : 2020}, "geometry" : {"type":"Point","coordinates":[126.92059,37.132056]}}, {"type" : "Feature", "properties" : {"station" : "A", "name" : "화성시", "address" : "경기 화성시 동탄반석로 87 ", "year" : 2020}, "geometry" : {"type":"Point","coordinates":[127.072318,37.196941]}}, {"type" : "Feature", "properties" : {"station" : "A", "name" : "화성시", "address" : "경기 화성시 우정읍 쌍봉로 109-14", "year" : 2020}, "geometry" : {"type":"Point","coordinates":[126.815471,37.08962]}}, {"type" : "Feature", "properties" : {"station" : "A", "name" : "화성시", "address" : "경기 화성시 동탄순환대로22길 13 ", "year" : 2020}, "geometry" : {"type":"Point","coordinates":[127.119271,37.196614]}}, {"type" : "Feature", "properties" : {"station" : "A", "name" : "화성시", "address" : "경기 화성시 새솔동 수노을중앙로 178 ", "year" : 2020}, "geometry" : {"type":"Point","coordinates":[126.818722,37.281249]}}, {"type" : "Feature", "properties" : {"station" : "A", "name" : "화성시", "address" : "경기 화성시 봉담읍 샘마을1길 8-4 ", "year" : 2020}, "geometry" : {"type":"Point","coordinates":[126.949036,37.219429]}}, {"type" : "Feature", "properties" : {"station" : "A", "name" : "화성시", "address" : "경기 화성시 서신면 궁평항로 1702 ", "year" : 2020}, "geometry" : {"type":"Point","coordinates":[126.709,37.16638]}}, {"type" : "Feature", "properties" : {"station" : "A", "name" : "양주시", "address" : "경기 양주시 백석읍 꿈나무로 199 ", "year" : 2020}, "geometry" : {"type":"Point","coordinates":[126.987274,37.792368]}}, {"type" : "Feature", "properties" : {"station" : "A", "name" : "양주시", "address" : "경기 양주시 고읍남로 205", "year" : 2020}, "geometry" : {"type":"Point","coordinates":[127.084744,37.791688]}}, {"type" : "Feature", "properties" : {"station" : "A", "name" : "동두천시", "address" : "경기 동두천시 싸리말로28", "year" : 2020}, "geometry" : {"type":"Point","coordinates":[127.061303,37.917671]}}, {"type" : "Feature", "properties" : {"station" : "A", "name" : "안성시", "address" : "경기 안성시 시청길 25 ", "year" : 2020}, "geometry" : {"type":"Point","coordinates":[127.279783,37.007913]}}, {"type" : "Feature", "properties" : {"station" : "A", "name" : "안성시", "address" : "경기 안성시 공도읍 공도4로 8 ", "year" : 2020}, "geometry" : {"type":"Point","coordinates":[127.172617,37.001176]}}, {"type" : "Feature", "properties" : {"station" : "A", "name" : "안성시", "address" : "경기 안성시 죽산면 남부길 60", "year" : 2020}, "geometry" : {"type":"Point","coordinates":[127.424466,37.074675]}}, {"type" : "Feature", "properties" : {"station" : "A", "name" : "여주시", "address" : "경기 여주시 여흥로11번길 26", "year" : 2020}, "geometry" : {"type":"Point","coordinates":[127.629056,37.298673]}}, {"type" : "Feature", "properties" : {"station" : "A", "name" : "여주시", "address" : "경기 여주시 대신면 율촌1길 12-10", "year" : 2020}, "geometry" : {"type":"Point","coordinates":[127.584462,37.371469]}}, {"type" : "Feature", "properties" : {"station" : "A", "name" : "여주시", "address" : "경기 여주시 가남읍 태평중앙1길 20 ", "year" : 2020}, "geometry" : {"type":"Point","coordinates":[127.545234,37.201637]}}, {"type" : "Feature", "properties" : {"station" : "A", "name" : "연천군", "address" : "경기 연천군 연천읍 차현로 58 ", "year" : 2020}, "geometry" : {"type":"Point","coordinates":[127.07627,38.096462]}}, {"type" : "Feature", "properties" : {"station" : "A", "name" : "가평군", "address" : "경기 가평군 가평읍 석봉로 181 ", "year" : 2020}, "geometry" : {"type":"Point","coordinates":[127.509805,37.831283]}}, {"type" : "Feature", "properties" : {"station" : "A", "name" : "가평군", "address" : "경기 가평군 설악면 한서로 8 ", "year" : 2020}, "geometry" : {"type":"Point","coordinates":[127.494469,37.675969]}}, {"type" : "Feature", "properties" : {"station" : "A", "name" : "양평군", "address" : "경기 양평군 용문면 용문로 395", "year" : 2020}, "geometry" : {"type":"Point","coordinates":[127.596159,37.487084]}}, {"type" : "Feature", "properties" : {"station" : "A", "name" : "양평군", "address" : "경기 양평군 양평읍 마유산로 17 ", "year" : 2020}, "geometry" : {"type":"Point","coordinates":[127.486665,37.497012]}}, {"type" : "Feature", "properties" : {"station" : "C", "name" : "연천군", "address" : "경기 연천군 중면 황산리 산 108-1", "year" : 2020}, "geometry" : {"type":"Point","coordinates":[127.040608,38.133133]}}, {"type" : "Feature", "properties" : {"station" : "A", "name" : "춘천시", "address" : "강원 춘천시 중앙로 135 ", "year" : 2020}, "geometry" : {"type":"Point","coordinates":[127.720222,37.875553]}}, {"type" : "Feature", "properties" : {"station" : "A", "name" : "춘천시", "address" : "강원 춘천시 외솔길 17", "year" : 2020}, "geometry" : {"type":"Point","coordinates":[127.749703,37.857049]}}, {"type" : "Feature", "properties" : {"station" : "A", "name" : "춘천시", "address" : "강원 춘천시 사우4길 26 ", "year" : 2020}, "geometry" : {"type":"Point","coordinates":[127.728057,37.905738]}}, {"type" : "Feature", "properties" : {"station" : "B", "name" : "춘천시", "address" : "강원 춘천시 온의동 155-11", "year" : 2020}, "geometry" : {"type":"Point","coordinates":[127.720589,37.865643]}}, {"type" : "Feature", "properties" : {"station" : "C", "name" : "양구군", "address" : "강원 양구군 소풍정길 212-24", "year" : 2020}, "geometry" : {"type":"Point","coordinates":[127.958576,38.224421]}}, {"type" : "Feature", "properties" : {"station" : "A", "name" : "양구군", "address" : "강원 양구군 양구읍 관공서로 33 ", "year" : 2020}, "geometry" : {"type":"Point","coordinates":[127.989738,38.109192]}}, {"type" : "Feature", "properties" : {"station" : "C", "name" : "동해시", "address" : "강원 동해시 송정동 1147 ", "year" : 2020}, "geometry" : {"type":"Point","coordinates":[129.124071,37.490572]}}, {"type" : "Feature", "properties" : {"station" : "C", "name" : "동해시", "address" : "강원 동해시 임항로 121 ", "year" : 2020}, "geometry" : {"type":"Point","coordinates":[129.110934,37.547966]}}, {"type" : "Feature", "properties" : {"station" : "C", "name" : "철원군", "address" : "강원 철원군 철원읍 산명리1345", "year" : 2020}, "geometry" : {"type":"Point","coordinates":[127.178132,38.292014]}}, {"type" : "Feature", "properties" : {"station" : "C", "name" : "화천군", "address" : "강원 화천군 화천읍 풍산리 산269", "year" : 2020}, "geometry" : {"type":"Point","coordinates":[127.768076,38.248102]}}, {"type" : "Feature", "properties" : {"station" : "C", "name" : "고성군", "address" : "강원 고성군 수동면 신탄리 산6", "year" : 2020}, "geometry" : {"type":"Point","coordinates":[128.257794,38.381182]}}, {"type" : "Feature", "properties" : {"station" : "C", "name" : "고성군", "address" : "강원 고성군 수동면 외면리 산14", "year" : 2020}, "geometry" : {"type":"Point","coordinates":[128.34145,38.563208]}}, {"type" : "Feature", "properties" : {"station" : "A", "name" : "중구", "address" : "부산 중구 광복로 55번길 10 ", "year" : 2020}, "geometry" : {"type":"Point","coordinates":[129.030398,35.099958]}}, {"type" : "Feature", "properties" : {"station" : "B", "name" : "동구", "address" : "부산 동구 초량동1170", "year" : 2020}, "geometry" : {"type":"Point","coordinates":[129.0465,35.1268]}}, {"type" : "Feature", "properties" : {"station" : "A", "name" : "영도구", "address" : "부산 영도구 전망로 24 ", "year" : 2020}, "geometry" : {"type":"Point","coordinates":[129.079838,35.059722]}}, {"type" : "Feature", "properties" : {"station" : "A", "name" : "영도구", "address" : "부산 영도구 청학남로 13번길 18 ", "year" : 2020}, "geometry" : {"type":"Point","coordinates":[129.059498,35.090756]}}, {"type" : "Feature", "properties" : {"station" : "A", "name" : "부산진구", "address" : "부산 부산진구 전포대로 209번길 26 ", "year" : 2020}, "geometry" : {"type":"Point","coordinates":[129.063276,35.156155]}}, {"type" : "Feature", "properties" : {"station" : "B", "name" : "동래구", "address" : "부산 동래구 중앙대로 1335번길 24", "year" : 2020}, "geometry" : {"type":"Point","coordinates":[129.07777,35.20672]}}, {"type" : "Feature", "properties" : {"station" : "A", "name" : "동래구", "address" : "부산 동래구 명장로 32 ", "year" : 2020}, "geometry" : {"type":"Point","coordinates":[129.104245,35.20467]}}, {"type" : "Feature", "properties" : {"station" : "A", "name" : "남구", "address" : "부산 남구 수영로 196번길 80 ", "year" : 2020}, "geometry" : {"type":"Point","coordinates":[129.08766,35.130348]}}, {"type" : "Feature", "properties" : {"station" : "A", "name" : "사상구", "address" : "부산 사상구 대동로 205 ", "year" : 2020}, "geometry" : {"type":"Point","coordinates":[128.98379,35.146064]}}, {"type" : "Feature", "properties" : {"station" : "A", "name" : "북구", "address" : "부산 북구 덕천2길 10", "year" : 2020}, "geometry" : {"type":"Point","coordinates":[129.006661,35.208459]}}, {"type" : "Feature", "properties" : {"station" : "A", "name" : "북구", "address" : "부산 북구 화명동 2280 ", "year" : 2020}, "geometry" : {"type":"Point","coordinates":[129.0102,35.2334]}}, {"type" : "Feature", "properties" : {"station" : "A", "name" : "금정구", "address" : "부산 금정구 청룡로 25 ", "year" : 2020}, "geometry" : {"type":"Point","coordinates":[129.089868,35.275243]}}, {"type" : "Feature", "properties" : {"station" : "A", "name" : "해운대구", "address" : "부산 해운대구 양운로 91", "year" : 2020}, "geometry" : {"type":"Point","coordinates":[129.174208,35.170869]}}, {"type" : "Feature", "properties" : {"station" : "A", "name" : "해운대구", "address" : "부산 해운대구 재송동 1191", "year" : 2020}, "geometry" : {"type":"Point","coordinates":[129.120208,35.182782]}}, {"type" : "Feature", "properties" : {"station" : "A", "name" : "사하구", "address" : "부산 사하구 장림로 161번길 2 ", "year" : 2020}, "geometry" : {"type":"Point","coordinates":[128.96688,35.083048]}}, {"type" : "Feature", "properties" : {"station" : "A", "name" : "강서구", "address" : "부산 강서구 체육공원로 43 ", "year" : 2020}, "geometry" : {"type":"Point","coordinates":[128.971518,35.209531]}}, {"type" : "Feature", "properties" : {"station" : "A", "name" : "강서구", "address" : "부산 강서구 녹산산단 382로 49번길 39 ", "year" : 2020}, "geometry" : {"type":"Point","coordinates":[128.863397,35.087434]}}, {"type" : "Feature", "properties" : {"station" : "A", "name" : "강서구", "address" : "부산 강서구 명지동 3513-3", "year" : 2020}, "geometry" : {"type":"Point","coordinates":[128.925859,35.10557]}}, {"type" : "Feature", "properties" : {"station" : "A", "name" : "연제구", "address" : "부산 연제구 중앙대로 1001", "year" : 2020}, "geometry" : {"type":"Point","coordinates":[129.075336,35.180206]}}, {"type" : "Feature", "properties" : {"station" : "A", "name" : "기장군", "address" : "부산 기장군 기장읍 읍내로 69", "year" : 2020}, "geometry" : {"type":"Point","coordinates":[129.21178,35.24606]}}, {"type" : "Feature", "properties" : {"station" : "A", "name" : "기장군", "address" : "부산 기장군 정관면 용수로4 ", "year" : 2020}, "geometry" : {"type":"Point","coordinates":[129.180071,35.325638]}}, {"type" : "Feature", "properties" : {"station" : "A", "name" : "동구", "address" : "부산 동구 구청로 1", "year" : 2020}, "geometry" : {"type":"Point","coordinates":[129.045382,35.129296]}}, {"type" : "Feature", "properties" : {"station" : "A", "name" : "금정구", "address" : "부산 금정구 부곡로 156번길 7 ", "year" : 2020}, "geometry" : {"type":"Point","coordinates":[129.092699,35.229833]}}, {"type" : "Feature", "properties" : {"station" : "A", "name" : "금정구", "address" : "부산 금정구 금사로 217 ", "year" : 2020}, "geometry" : {"type":"Point","coordinates":[129.120691,35.229911]}}, {"type" : "Feature", "properties" : {"station" : "A", "name" : "수영구", "address" : "부산 수영구 광안로21번가길 57 ", "year" : 2020}, "geometry" : {"type":"Point","coordinates":[129.118135,35.157238]}}, {"type" : "Feature", "properties" : {"station" : "A", "name" : "서구", "address" : "부산 서구 대신로 150 ", "year" : 2020}, "geometry" : {"type":"Point","coordinates":[129.015697,35.117316]}}, {"type" : "Feature", "properties" : {"station" : "A", "name" : "사상구", "address" : "부산 사상구 삼덕로 83", "year" : 2020}, "geometry" : {"type":"Point","coordinates":[128.986001,35.173809]}}, {"type" : "Feature", "properties" : {"station" : "A", "name" : "부산진구", "address" : "부산 부산진구 개금동 208-48 ", "year" : 2020}, "geometry" : {"type":"Point","coordinates":[129.022972,35.155141]}}, {"type" : "Feature", "properties" : {"station" : "A", "name" : "사하구", "address" : "부산 사하구 제석로 41 ", "year" : 2020}, "geometry" : {"type":"Point","coordinates":[128.973157,35.105578]}}, {"type" : "Feature", "properties" : {"station" : "B", "name" : "동구", "address" : "부산 동구 충장대로 314 자성대부두", "year" : 2020}, "geometry" : {"type":"Point","coordinates":[129.056235,35.123487]}}, {"type" : "Feature", "properties" : {"station" : "B", "name" : "강서구", "address" : "부산 강서구 신항남로 416 부산신항다목적터미널", "year" : 2020}, "geometry" : {"type":"Point","coordinates":[128.833951,35.073371]}}, {"type" : "Feature", "properties" : {"station" : "C", "name" : "창원시 진해구", "address" : "경남 창원시 진해구 신항로 434 ", "year" : 2020}, "geometry" : {"type":"Point","coordinates":[128.786156,35.083696]}}, {"type" : "Feature", "properties" : {"station" : "A", "name" : "창원시 마산회원구", "address" : "경남 창원시 마산회원구 회원동 11길 7 ", "year" : 2020}, "geometry" : {"type":"Point","coordinates":[128.574192,35.218242]}}, {"type" : "Feature", "properties" : {"station" : "A", "name" : "창원시 마산회원구", "address" : "경남 창원시 마산회원구 봉양로 148 ", "year" : 2020}, "geometry" : {"type":"Point","coordinates":[128.602604,35.217725]}}, {"type" : "Feature", "properties" : {"station" : "A", "name" : "창원시 마산회원구", "address" : "경남 창원시 마산회원구 내서읍 광려로 8 ", "year" : 2020}, "geometry" : {"type":"Point","coordinates":[128.503106,35.226094]}}, {"type" : "Feature", "properties" : {"station" : "A", "name" : "동구", "address" : "울산 동구 대송5길 10 대송동 주민센터 옥상", "year" : 2020}, "geometry" : {"type":"Point","coordinates":[129.418373,35.50315]}}, {"type" : "Feature", "properties" : {"station" : "A", "name" : "중구", "address" : "울산 중구 새즈믄해거리 28", "year" : 2020}, "geometry" : {"type":"Point","coordinates":[129.320674,35.556427]}}, {"type" : "Feature", "properties" : {"station" : "A", "name" : "남구", "address" : "울산 남구 처용로 260-37 ", "year" : 2020}, "geometry" : {"type":"Point","coordinates":[129.33975,35.496397]}}, {"type" : "Feature", "properties" : {"station" : "A", "name" : "남구", "address" : "울산 남구 부두로 9 ", "year" : 2020}, "geometry" : {"type":"Point","coordinates":[129.366041,35.514939]}}, {"type" : "Feature", "properties" : {"station" : "A", "name" : "남구", "address" : "울산 남구 수암로 170 ", "year" : 2020}, "geometry" : {"type":"Point","coordinates":[129.326031,35.526057]}}, {"type" : "Feature", "properties" : {"station" : "A", "name" : "남구", "address" : "울산 남구 삼산중로 131번길 36 ", "year" : 2020}, "geometry" : {"type":"Point","coordinates":[129.331947,35.544469]}}, {"type" : "Feature", "properties" : {"station" : "B", "name" : "남구", "address" : "울산 남구 문수로 436", "year" : 2020}, "geometry" : {"type":"Point","coordinates":[129.301,35.5332]}}, {"type" : "Feature", "properties" : {"station" : "A", "name" : "남구", "address" : "울산 남구 봉월로 20번길 9 ", "year" : 2020}, "geometry" : {"type":"Point","coordinates":[129.307813,35.534656]}}, {"type" : "Feature", "properties" : {"station" : "A", "name" : "울주군", "address" : "울산 울주군 온산읍 명봉거남로 2 ", "year" : 2020}, "geometry" : {"type":"Point","coordinates":[129.314376,35.434648]}}, {"type" : "Feature", "properties" : {"station" : "A", "name" : "남구", "address" : "울산 남구 대학로 147번길 38 ", "year" : 2020}, "geometry" : {"type":"Point","coordinates":[129.260698,35.550949]}}, {"type" : "Feature", "properties" : {"station" : "A", "name" : "북구", "address" : "울산 북구 염포로 290-1 ", "year" : 2020}, "geometry" : {"type":"Point","coordinates":[129.371218,35.559378]}}, {"type" : "Feature", "properties" : {"station" : "A", "name" : "진주시", "address" : "경남 진주시 비봉로 85번길 12 ", "year" : 2020}, "geometry" : {"type":"Point","coordinates":[128.078038,35.198277]}}, {"type" : "Feature", "properties" : {"station" : "A", "name" : "진주시", "address" : "경남 진주시 진주대로 1052 ", "year" : 2020}, "geometry" : {"type":"Point","coordinates":[128.084501,35.193513]}}, {"type" : "Feature", "properties" : {"station" : "A", "name" : "진주시", "address" : "경남 진주시 동진로 279 ", "year" : 2020}, "geometry" : {"type":"Point","coordinates":[128.122026,35.180753]}}, {"type" : "Feature", "properties" : {"station" : "A", "name" : "진주시", "address" : "경남 진주시 정촌면 예하리 1340", "year" : 2020}, "geometry" : {"type":"Point","coordinates":[128.100812,35.125271]}}, {"type" : "Feature", "properties" : {"station" : "A", "name" : "창원시 의창구", "address" : "경남 창원시 의창구 우곡로 101번길 28 ", "year" : 2020}, "geometry" : {"type":"Point","coordinates":[128.641746,35.243376]}}, {"type" : "Feature", "properties" : {"station" : "A", "name" : "김해시", "address" : "경남 김해시 활천로 303 ", "year" : 2020}, "geometry" : {"type":"Point","coordinates":[128.911841,35.244266]}}, {"type" : "Feature", "properties" : {"station" : "A", "name" : "창원시 성산구", "address" : "경남 창원시 성산구 공단로 303", "year" : 2020}, "geometry" : {"type":"Point","coordinates":[128.657908,35.213336]}}, {"type" : "Feature", "properties" : {"station" : "A", "name" : "창원시 성산구", "address" : "경남 창원시 성산구 외리로14번길 18 ", "year" : 2020}, "geometry" : {"type":"Point","coordinates":[128.711046,35.199397]}}, {"type" : "Feature", "properties" : {"station" : "A", "name" : "창원시 의창구", "address" : "경남 창원시 의창구 용지로 239번길 19-4 ", "year" : 2020}, "geometry" : {"type":"Point","coordinates":[128.684184,35.235978]}}, {"type" : "Feature", "properties" : {"station" : "B", "name" : "창원시 의창구", "address" : "경남 창원시 의창구 원이대로 450", "year" : 2020}, "geometry" : {"type":"Point","coordinates":[128.665513,35.232746]}}, {"type" : "Feature", "properties" : {"station" : "A", "name" : "창원시 성산구", "address" : "경남 창원시 성산구 창이대로 706번길 16-23 ", "year" : 2020}, "geometry" : {"type":"Point","coordinates":[128.698235,35.221808]}}, {"type" : "Feature", "properties" : {"station" : "A", "name" : "창원시 진해구", "address" : "경남 창원시 진해구 경화로 16번길 31 ", "year" : 2020}, "geometry" : {"type":"Point","coordinates":[128.689564,35.154964]}}, {"type" : "Feature", "properties" : {"station" : "A", "name" : "창원시 마산합포구", "address" : "경남 창원시 마산합포구 월영동16길 22 ", "year" : 2020}, "geometry" : {"type":"Point","coordinates":[128.562932,35.183103]}}, {"type" : "Feature", "properties" : {"station" : "A", "name" : "하동군", "address" : "경남 하동군 하동읍 군청로 23", "year" : 2020}, "geometry" : {"type":"Point","coordinates":[127.751747,35.067393]}}, {"type" : "Feature", "properties" : {"station" : "A", "name" : "김해시", "address" : "경남 김해시 호계로 517번길 8", "year" : 2020}, "geometry" : {"type":"Point","coordinates":[128.883544,35.236823]}}, {"type" : "Feature", "properties" : {"station" : "A", "name" : "김해시", "address" : "경남 김해시 장유면 능동로 149 ", "year" : 2020}, "geometry" : {"type":"Point","coordinates":[128.807263,35.202291]}}, {"type" : "Feature", "properties" : {"station" : "A", "name" : "김해시", "address" : "경남 김해시 진영읍 김해대로 365번길 6-24 ", "year" : 2020}, "geometry" : {"type":"Point","coordinates":[128.731082,35.307761]}}, {"type" : "Feature", "properties" : {"station" : "C", "name" : "거제시", "address" : "경남 거제시 남부면 저구리 산 116", "year" : 2020}, "geometry" : {"type":"Point","coordinates":[128.587273,34.710093]}}, {"type" : "Feature", "properties" : {"station" : "A", "name" : "거제시", "address" : "경남 거제시 아주로 3길 7", "year" : 2020}, "geometry" : {"type":"Point","coordinates":[128.692041,34.865814]}}, {"type" : "Feature", "properties" : {"station" : "A", "name" : "거제시", "address" : "경남 거제시 계룡로 125 ", "year" : 2020}, "geometry" : {"type":"Point","coordinates":[128.621084,34.880773]}}, {"type" : "Feature", "properties" : {"station" : "A", "name" : "사천시", "address" : "경남 사천시 사천읍 읍내로 52 ", "year" : 2020}, "geometry" : {"type":"Point","coordinates":[128.09112,35.082766]}}, {"type" : "Feature", "properties" : {"station" : "A", "name" : "사천시", "address" : "경남 사천시 향촌5길 28", "year" : 2020}, "geometry" : {"type":"Point","coordinates":[128.094031,34.933924]}}, {"type" : "Feature", "properties" : {"station" : "C", "name" : "창원시 의창구", "address" : "경남 창원시 의창구 대산면 갈전로99번길 100", "year" : 2020}, "geometry" : {"type":"Point","coordinates":[128.676418,35.37224]}}, {"type" : "Feature", "properties" : {"station" : "A", "name" : "양산시", "address" : "경남 양산시 북안남5길 21 ", "year" : 2020}, "geometry" : {"type":"Point","coordinates":[129.041147,35.34596]}}, {"type" : "Feature", "properties" : {"station" : "A", "name" : "양산시", "address" : "경남 양산시 삼호9길 11", "year" : 2020}, "geometry" : {"type":"Point","coordinates":[129.172026,35.414382]}}, {"type" : "Feature", "properties" : {"station" : "A", "name" : "양산시", "address" : "경남 양산시 물금읍 황산로 384 ", "year" : 2020}, "geometry" : {"type":"Point","coordinates":[128.987292,35.310348]}}, {"type" : "Feature", "properties" : {"station" : "A", "name" : "울주군", "address" : "울산 울주군 온산읍 산암로 94", "year" : 2020}, "geometry" : {"type":"Point","coordinates":[129.340712,35.435521]}}, {"type" : "Feature", "properties" : {"station" : "A", "name" : "울주군", "address" : "울산 울주군 청량면 신덕하3길 5 ", "year" : 2020}, "geometry" : {"type":"Point","coordinates":[129.306093,35.493152]}}, {"type" : "Feature", "properties" : {"station" : "A", "name" : "북구", "address" : "울산 북구 호계7길 13", "year" : 2020}, "geometry" : {"type":"Point","coordinates":[129.355138,35.625588]}}, {"type" : "Feature", "properties" : {"station" : "A", "name" : "울주군", "address" : "울산 울주군 삼남면 서향교1길 67-12 ", "year" : 2020}, "geometry" : {"type":"Point","coordinates":[129.11374,35.558363]}}, {"type" : "Feature", "properties" : {"station" : "A", "name" : "중구", "address" : "울산 중구 종가로 560", "year" : 2020}, "geometry" : {"type":"Point","coordinates":[129.335829,35.573727]}}, {"type" : "Feature", "properties" : {"station" : "A", "name" : "울주군", "address" : "울산 울주군 웅촌면 새초천길 12", "year" : 2020}, "geometry" : {"type":"Point","coordinates":[129.208503,35.461514]}}, {"type" : "Feature", "properties" : {"station" : "A", "name" : "울주군", "address" : "울산 울주군 범서읍 당앞로 14-50", "year" : 2020}, "geometry" : {"type":"Point","coordinates":[129.22345,35.570342]}}, {"type" : "Feature", "properties" : {"station" : "B", "name" : "중구", "address" : "울산 중구 태화동 310", "year" : 2020}, "geometry" : {"type":"Point","coordinates":[129.281456,35.557968]}}, {"type" : "Feature", "properties" : {"station" : "A", "name" : "동구", "address" : "울산 동구 진성4길 45 ", "year" : 2020}, "geometry" : {"type":"Point","coordinates":[129.42663,35.508857]}}, {"type" : "Feature", "properties" : {"station" : "A", "name" : "밀양시", "address" : "경남 밀양시 중앙로 346", "year" : 2020}, "geometry" : {"type":"Point","coordinates":[128.75421,35.493672]}}, {"type" : "Feature", "properties" : {"station" : "A", "name" : "통영시", "address" : "경남 통영시 안개4길 53", "year" : 2020}, "geometry" : {"type":"Point","coordinates":[128.432422,34.857269]}}, {"type" : "Feature", "properties" : {"station" : "A", "name" : "고성군", "address" : "경남 고성군 고성읍 중앙로 35", "year" : 2020}, "geometry" : {"type":"Point","coordinates":[128.324242,34.974436]}}, {"type" : "Feature", "properties" : {"station" : "A", "name" : "거창군", "address" : "경남 거창군 거창읍 거열로 90", "year" : 2020}, "geometry" : {"type":"Point","coordinates":[127.903823,35.68793]}}, {"type" : "Feature", "properties" : {"station" : "A", "name" : "함안군", "address" : "경남 함안군 가야읍 함안대로 505", "year" : 2020}, "geometry" : {"type":"Point","coordinates":[128.408323,35.272188]}}, {"type" : "Feature", "properties" : {"station" : "A", "name" : "함양군", "address" : "경남 함양군 함양읍 고운로 35", "year" : 2020}, "geometry" : {"type":"Point","coordinates":[127.725233,35.520577]}}, {"type" : "Feature", "properties" : {"station" : "A", "name" : "남해군", "address" : "경남 남해군 남해읍 남해대로 2745", "year" : 2020}, "geometry" : {"type":"Point","coordinates":[127.899493,34.832096]}}, {"type" : "Feature", "properties" : {"station" : "A", "name" : "산청군", "address" : "경남 산청군 산청읍 산엔청로 6", "year" : 2020}, "geometry" : {"type":"Point","coordinates":[127.874099,35.414982]}}, {"type" : "Feature", "properties" : {"station" : "C", "name" : "거창군", "address" : "경남 거창군 남상면 인평길 36", "year" : 2020}, "geometry" : {"type":"Point","coordinates":[127.910281,35.643011]}}, {"type" : "Feature", "properties" : {"station" : "A", "name" : "의령군", "address" : "경남 경남 의령군 의령읍 의병로8길 44", "year" : 2020}, "geometry" : {"type":"Point","coordinates":[128.256499,35.315549]}}, {"type" : "Feature", "properties" : {"station" : "A", "name" : "창녕군", "address" : "경남 창녕군 창녕읍 우포2로 1189-35", "year" : 2020}, "geometry" : {"type":"Point","coordinates":[128.490402,35.54359]}}, {"type" : "Feature", "properties" : {"station" : "A", "name" : "합천군", "address" : "경남 합천군 합천읍 중앙로 61", "year" : 2020}, "geometry" : {"type":"Point","coordinates":[128.157954,35.565963]}}, {"type" : "Feature", "properties" : {"station" : "C", "name" : "창원시 성산구", "address" : "경남 창원시 성산구 적현로 424 ", "year" : 2020}, "geometry" : {"type":"Point","coordinates":[128.5935,35.1918]}}, {"type" : "Feature", "properties" : {"station" : "C", "name" : "남구", "address" : "울산 남구 매암로 96", "year" : 2020}, "geometry" : {"type":"Point","coordinates":[129.38452,35.51571]}}, {"type" : "Feature", "properties" : {"station" : "A", "name" : "동구", "address" : "광주 동구 서남로 1 ", "year" : 2020}, "geometry" : {"type":"Point","coordinates":[126.923175,35.145877]}}, {"type" : "Feature", "properties" : {"station" : "A", "name" : "서구", "address" : "광주 서구 농성1동 상무대로 1165", "year" : 2020}, "geometry" : {"type":"Point","coordinates":[126.888757,35.154949]}}, {"type" : "Feature", "properties" : {"station" : "B", "name" : "서구", "address" : "광주 서구 치평동 1242", "year" : 2020}, "geometry" : {"type":"Point","coordinates":[126.8528,35.1514]}}, {"type" : "Feature", "properties" : {"station" : "A", "name" : "남구", "address" : "광주 남구 덕남길 7 ", "year" : 2020}, "geometry" : {"type":"Point","coordinates":[126.897066,35.100383]}}, {"type" : "Feature", "properties" : {"station" : "A", "name" : "서구", "address" : "광주 서구 유촌동 719-2", "year" : 2020}, "geometry" : {"type":"Point","coordinates":[126.844427,35.16198]}}, {"type" : "Feature", "properties" : {"station" : "A", "name" : "북구", "address" : "광주 북구 군왕로 141번길 6", "year" : 2020}, "geometry" : {"type":"Point","coordinates":[126.932591,35.174381]}}, {"type" : "Feature", "properties" : {"station" : "B", "name" : "북구", "address" : "광주 북구 운암1동 99 프린스호텔 건너편 인도", "year" : 2020}, "geometry" : {"type":"Point","coordinates":[126.878422,35.177004]}}, {"type" : "Feature", "properties" : {"station" : "A", "name" : "북구", "address" : "광주 북구 첨단과기로 333", "year" : 2020}, "geometry" : {"type":"Point","coordinates":[126.861586,35.229457]}}, {"type" : "Feature", "properties" : {"station" : "A", "name" : "북구", "address" : "광주 북구 모룡대길 68", "year" : 2020}, "geometry" : {"type":"Point","coordinates":[126.892629,35.218216]}}, {"type" : "Feature", "properties" : {"station" : "A", "name" : "광산구", "address" : "광주 광산구 광산로 70 ", "year" : 2020}, "geometry" : {"type":"Point","coordinates":[126.798782,35.140741]}}, {"type" : "Feature", "properties" : {"station" : "A", "name" : "광산구", "address" : "광주 광산구 하남산단6번로 107", "year" : 2020}, "geometry" : {"type":"Point","coordinates":[126.807443,35.204446]}}, {"type" : "Feature", "properties" : {"station" : "A", "name" : "광산구", "address" : "광주 광산구 우산동1026-2", "year" : 2020}, "geometry" : {"type":"Point","coordinates":[126.810058,35.157627]}}, {"type" : "Feature", "properties" : {"station" : "A", "name" : "광산구", "address" : "광주 광산구 평동산단로 184-1", "year" : 2020}, "geometry" : {"type":"Point","coordinates":[126.769258,35.123625]}}, {"type" : "Feature", "properties" : {"station" : "A", "name" : "남구", "address" : "광주 남구 회서로21번가길 13 ", "year" : 2020}, "geometry" : {"type":"Point","coordinates":[126.893327,35.131934]}}, {"type" : "Feature", "properties" : {"station" : "A", "name" : "전주시 완산구", "address" : "전북 전주시 완산구 물왕멀3길 29", "year" : 2020}, "geometry" : {"type":"Point","coordinates":[127.148061,35.828633]}}, {"type" : "Feature", "properties" : {"station" : "A", "name" : "목포시", "address" : "전남 목포시 동부로31번길20 ", "year" : 2020}, "geometry" : {"type":"Point","coordinates":[126.391726,34.805923]}}, {"type" : "Feature", "properties" : {"station" : "A", "name" : "목포시", "address" : "전남 목포시 삼향천로 28 ", "year" : 2020}, "geometry" : {"type":"Point","coordinates":[126.434529,34.8043]}}, {"type" : "Feature", "properties" : {"station" : "A", "name" : "여수시", "address" : "전남 여수시 서교1길 28-1", "year" : 2020}, "geometry" : {"type":"Point","coordinates":[127.725938,34.741301]}}, {"type" : "Feature", "properties" : {"station" : "A", "name" : "여수시", "address" : "전남 여수시 월내동 1392", "year" : 2020}, "geometry" : {"type":"Point","coordinates":[127.72903,34.853382]}}, {"type" : "Feature", "properties" : {"station" : "A", "name" : "여수시", "address" : "전남 여수시 여문1로 71", "year" : 2020}, "geometry" : {"type":"Point","coordinates":[127.702738,34.75458]}}, {"type" : "Feature", "properties" : {"station" : "A", "name" : "여수시", "address" : "전남 여수시 무선로 190", "year" : 2020}, "geometry" : {"type":"Point","coordinates":[127.65243,34.77748]}}, {"type" : "Feature", "properties" : {"station" : "A", "name" : "여수시", "address" : "전남 여수시 덕충안길 95 만덕동", "year" : 2020}, "geometry" : {"type":"Point","coordinates":[127.746519,34.753615]}}, {"type" : "Feature", "properties" : {"station" : "A", "name" : "순천시", "address" : "전남 순천시 장명로 30", "year" : 2020}, "geometry" : {"type":"Point","coordinates":[127.48895,34.9511]}}, {"type" : "Feature", "properties" : {"station" : "A", "name" : "순천시", "address" : "전남 순천시 연향번영길 54", "year" : 2020}, "geometry" : {"type":"Point","coordinates":[127.518575,34.947114]}}, {"type" : "Feature", "properties" : {"station" : "A", "name" : "순천시", "address" : "전남 순천시 순천만길 513-25", "year" : 2020}, "geometry" : {"type":"Point","coordinates":[127.509109,34.885786]}}, {"type" : "Feature", "properties" : {"station" : "A", "name" : "순천시", "address" : "전남 순천시 해룡면 호두길 127", "year" : 2020}, "geometry" : {"type":"Point","coordinates":[127.572947,34.89368]}}, {"type" : "Feature", "properties" : {"station" : "A", "name" : "순천시", "address" : "전남 순천시 해룡면 매안로 162", "year" : 2020}, "geometry" : {"type":"Point","coordinates":[127.548192,34.936618]}}, {"type" : "Feature", "properties" : {"station" : "A", "name" : "나주시", "address" : "전남 나주시 빛가람로 719", "year" : 2020}, "geometry" : {"type":"Point","coordinates":[126.79028,35.021746]}}, {"type" : "Feature", "properties" : {"station" : "A", "name" : "담양군", "address" : "전남 담양군 담양읍 추성로 1371", "year" : 2020}, "geometry" : {"type":"Point","coordinates":[126.988175,35.321025]}}, {"type" : "Feature", "properties" : {"station" : "A", "name" : "장성군", "address" : "전남 장성군 장성읍 영천로 211", "year" : 2020}, "geometry" : {"type":"Point","coordinates":[126.785357,35.303258]}}, {"type" : "Feature", "properties" : {"station" : "A", "name" : "여수시", "address" : "전남 여수시 화양면 평촌길 2-6", "year" : 2020}, "geometry" : {"type":"Point","coordinates":[127.597383,34.685737]}}, {"type" : "Feature", "properties" : {"station" : "A", "name" : "여수시", "address" : "전남 여수시 율촌면 동산개길 2", "year" : 2020}, "geometry" : {"type":"Point","coordinates":[127.578892,34.882045]}}, {"type" : "Feature", "properties" : {"station" : "A", "name" : "여수시", "address" : "전남 여수시 상암로 601-1", "year" : 2020}, "geometry" : {"type":"Point","coordinates":[127.731565,34.824783]}}, {"type" : "Feature", "properties" : {"station" : "A", "name" : "광양시", "address" : "전남 광양시 중마중앙로 109", "year" : 2020}, "geometry" : {"type":"Point","coordinates":[127.697659,34.93993]}}, {"type" : "Feature", "properties" : {"station" : "A", "name" : "광양시", "address" : "전남 광양시 태인길 376", "year" : 2020}, "geometry" : {"type":"Point","coordinates":[127.756801,34.941821]}}, {"type" : "Feature", "properties" : {"station" : "A", "name" : "광양시", "address" : "전남 광양시 진상면 신시길 227", "year" : 2020}, "geometry" : {"type":"Point","coordinates":[127.719631,35.019988]}}, {"type" : "Feature", "properties" : {"station" : "A", "name" : "광양시", "address" : "전남 광양시 광양읍 인덕로 1100", "year" : 2020}, "geometry" : {"type":"Point","coordinates":[127.58229,34.9808]}}, {"type" : "Feature", "properties" : {"station" : "A", "name" : "해남군", "address" : "전남 해남군 해남읍 남부순환로 114", "year" : 2020}, "geometry" : {"type":"Point","coordinates":[126.599015,34.565483]}}, {"type" : "Feature", "properties" : {"station" : "A", "name" : "영암군", "address" : "전남 영암군 삼호읍 나불로 192", "year" : 2020}, "geometry" : {"type":"Point","coordinates":[126.43906,34.766816]}}, {"type" : "Feature", "properties" : {"station" : "A", "name" : "영암군", "address" : "전남 영암군 영암읍 역리 119", "year" : 2020}, "geometry" : {"type":"Point","coordinates":[126.700594,34.807216]}}, {"type" : "Feature", "properties" : {"station" : "C", "name" : "화순군", "address" : "전남 화순군 백아면 송단길 370-99", "year" : 2020}, "geometry" : {"type":"Point","coordinates":[127.175028,35.17695]}}, {"type" : "Feature", "properties" : {"station" : "A", "name" : "화순군", "address" : "전남 화순군 화순읍 동헌길 9-24", "year" : 2020}, "geometry" : {"type":"Point","coordinates":[126.985892,35.065292]}}, {"type" : "Feature", "properties" : {"station" : "A", "name" : "영광군", "address" : "전남 영광군 영광읍 물무로2길 61", "year" : 2020}, "geometry" : {"type":"Point","coordinates":[126.511934,35.278021]}}, {"type" : "Feature", "properties" : {"station" : "D", "name" : "영광군", "address" : "전남 영광군 낙월면 영외리 산 118", "year" : 2020}, "geometry" : {"type":"Point","coordinates":[126.0207,35.336338]}}, {"type" : "Feature", "properties" : {"station" : "A", "name" : "장흥군", "address" : "전남 장흥군 장흥읍 흥성로 23", "year" : 2020}, "geometry" : {"type":"Point","coordinates":[126.906617,34.674403]}}, {"type" : "Feature", "properties" : {"station" : "A", "name" : "진도군", "address" : "전남 진도군 진도읍 진도대로 7195", "year" : 2020}, "geometry" : {"type":"Point","coordinates":[126.268918,34.479546]}}, {"type" : "Feature", "properties" : {"station" : "A", "name" : "완도군", "address" : "전남 완도군 신지면 신지로 567", "year" : 2020}, "geometry" : {"type":"Point","coordinates":[126.828414,34.334391]}}, {"type" : "Feature", "properties" : {"station" : "A", "name" : "함평군", "address" : "전남 함평군 함평읍 중앙길 39", "year" : 2020}, "geometry" : {"type":"Point","coordinates":[126.522628,35.062021]}}, {"type" : "Feature", "properties" : {"station" : "A", "name" : "고흥군", "address" : "전남 고흥군 고흥읍 남계리 837-3", "year" : 2020}, "geometry" : {"type":"Point","coordinates":[127.280693,34.606228]}}, {"type" : "Feature", "properties" : {"station" : "A", "name" : "신안군", "address" : "전남 신안군 안좌면 중부로 860", "year" : 2020}, "geometry" : {"type":"Point","coordinates":[126.12612,34.75554]}}, {"type" : "Feature", "properties" : {"station" : "D", "name" : "신안군", "address" : "전남 신안군 흑산면 홍도1길 51-3", "year" : 2020}, "geometry" : {"type":"Point","coordinates":[125.191974,34.685258]}}, {"type" : "Feature", "properties" : {"station" : "D", "name" : "신안군", "address" : "전남 신안군 흑산면 가거도리 산 4", "year" : 2020}, "geometry" : {"type":"Point","coordinates":[125.0989,34.0949]}}, {"type" : "Feature", "properties" : {"station" : "A", "name" : "무안군", "address" : "전남 무안군 무안읍 성내1길 2", "year" : 2020}, "geometry" : {"type":"Point","coordinates":[126.476293,34.99043]}}, {"type" : "Feature", "properties" : {"station" : "A", "name" : "강진군", "address" : "전남 강진군 강진읍 동성리 501-14", "year" : 2020}, "geometry" : {"type":"Point","coordinates":[126.77115,34.6444]}}, {"type" : "Feature", "properties" : {"station" : "A", "name" : "곡성군", "address" : "전남 곡성군 곡성읍 학정3길 6", "year" : 2020}, "geometry" : {"type":"Point","coordinates":[127.2899,35.2833]}}, {"type" : "Feature", "properties" : {"station" : "A", "name" : "구례군", "address" : "전남 구례군 구례읍 동편제길 30", "year" : 2020}, "geometry" : {"type":"Point","coordinates":[127.461117,35.215916]}}, {"type" : "Feature", "properties" : {"station" : "A", "name" : "보성군", "address" : "전남 보성군 벌교읍 체육공원길 35", "year" : 2020}, "geometry" : {"type":"Point","coordinates":[127.347578,34.841765]}}, {"type" : "Feature", "properties" : {"station" : "C", "name" : "영암군", "address" : "전남 영암군 삼호읍 용당리 2169-1", "year" : 2020}, "geometry" : {"type":"Point","coordinates":[126.392215,34.771713]}}, {"type" : "Feature", "properties" : {"station" : "C", "name" : "광양시", "address" : "전남 광양시 컨부두로 316", "year" : 2020}, "geometry" : {"type":"Point","coordinates":[127.667662,34.907606]}}, {"type" : "Feature", "properties" : {"station" : "C", "name" : "여수시", "address" : "전남 여수시 여객선터미널길 17", "year" : 2020}, "geometry" : {"type":"Point","coordinates":[127.732586,34.73881]}}, {"type" : "Feature", "properties" : {"station" : "A", "name" : "제주시", "address" : "제주 제주시 광양9길 10 시청별관 3층 옥상", "year" : 2020}, "geometry" : {"type":"Point","coordinates":[126.531444,33.499761]}}, {"type" : "Feature", "properties" : {"station" : "A", "name" : "제주시", "address" : "제주 제주시 문연로 30", "year" : 2020}, "geometry" : {"type":"Point","coordinates":[126.500469,33.488797]}}, {"type" : "Feature", "properties" : {"station" : "A", "name" : "서귀포시", "address" : "제주 서귀포시 태평로439번길 17", "year" : 2020}, "geometry" : {"type":"Point","coordinates":[126.565163,33.246259]}}, {"type" : "Feature", "properties" : {"station" : "A", "name" : "서귀포시", "address" : "제주 서귀포시 성산읍 일주동로 4120번길 7", "year" : 2020}, "geometry" : {"type":"Point","coordinates":[126.90969,33.460245]}}, {"type" : "Feature", "properties" : {"station" : "A", "name" : "서귀포시", "address" : "제주 서귀포시 남원읍 남한로 67", "year" : 2020}, "geometry" : {"type":"Point","coordinates":[126.714883,33.284268]}}, {"type" : "Feature", "properties" : {"station" : "A", "name" : "서귀포시", "address" : "제주 서귀포시 대정읍 동일하모로149번길 21-8", "year" : 2020}, "geometry" : {"type":"Point","coordinates":[126.247577,33.227818]}}, {"type" : "Feature", "properties" : {"station" : "B", "name" : "제주시", "address" : "제주 제주시 노형동 918번지 ", "year" : 2020}, "geometry" : {"type":"Point","coordinates":[126.480121,33.485799]}}, {"type" : "Feature", "properties" : {"station" : "D", "name" : "제주시", "address" : "제주 제주시 한경면 고산리 3762", "year" : 2020}, "geometry" : {"type":"Point","coordinates":[126.162866,33.293878]}}, {"type" : "Feature", "properties" : {"station" : "A", "name" : "중구", "address" : "대구 중구 달성로 22길 30", "year" : 2020}, "geometry" : {"type":"Point","coordinates":[128.58406,35.874434]}}, {"type" : "Feature", "properties" : {"station" : "A", "name" : "수성구", "address" : "대구 수성구 무학로 209 ", "year" : 2020}, "geometry" : {"type":"Point","coordinates":[128.631563,35.830452]}}, {"type" : "Feature", "properties" : {"station" : "A", "name" : "동구", "address" : "대구 동구 안심로 49길 70", "year" : 2020}, "geometry" : {"type":"Point","coordinates":[128.711011,35.869108]}}, {"type" : "Feature", "properties" : {"station" : "A", "name" : "서구", "address" : "대구 서구 국채보상로 135", "year" : 2020}, "geometry" : {"type":"Point","coordinates":[128.545323,35.869604]}}, {"type" : "Feature", "properties" : {"station" : "B", "name" : "서구", "address" : "대구 서구 통학로 217", "year" : 2020}, "geometry" : {"type":"Point","coordinates":[128.562252,35.88018]}}, {"type" : "Feature", "properties" : {"station" : "A", "name" : "남구", "address" : "대구 남구 성당로 30길 55 성명초등학교 옥상", "year" : 2020}, "geometry" : {"type":"Point","coordinates":[128.571074,35.845555]}}, {"type" : "Feature", "properties" : {"station" : "A", "name" : "북구", "address" : "대구 북구 3공단로 14길 31 삼영초등학교 옥상", "year" : 2020}, "geometry" : {"type":"Point","coordinates":[128.562893,35.894156]}}, {"type" : "Feature", "properties" : {"station" : "A", "name" : "동구", "address" : "대구 동구 아양로37길 92", "year" : 2020}, "geometry" : {"type":"Point","coordinates":[128.633052,35.889751]}}, {"type" : "Feature", "properties" : {"station" : "A", "name" : "북구", "address" : "대구 북구 칠곡중앙대로52길 56 ", "year" : 2020}, "geometry" : {"type":"Point","coordinates":[128.550665,35.923037]}}, {"type" : "Feature", "properties" : {"station" : "A", "name" : "수성구", "address" : "대구 수성구 국채보상로 1000 동원초등학교 옥상", "year" : 2020}, "geometry" : {"type":"Point","coordinates":[128.639967,35.865289]}}, {"type" : "Feature", "properties" : {"station" : "A", "name" : "달서구", "address" : "대구 달서구 성서공단로11길 32", "year" : 2020}, "geometry" : {"type":"Point","coordinates":[128.488742,35.838049]}}, {"type" : "Feature", "properties" : {"station" : "A", "name" : "달성군", "address" : "대구 달성군 유가읍 봉리 597-1", "year" : 2020}, "geometry" : {"type":"Point","coordinates":[128.458611,35.695306]}}, {"type" : "Feature", "properties" : {"station" : "B", "name" : "달서구", "address" : "대구 달서구 이곡동 1258-2 이곡1동 주민센터 옆", "year" : 2020}, "geometry" : {"type":"Point","coordinates":[128.51153,35.851231]}}, {"type" : "Feature", "properties" : {"station" : "A", "name" : "수성구", "address" : "대구 수성구 노변공원로 52 노변초등학교", "year" : 2020}, "geometry" : {"type":"Point","coordinates":[128.697558,35.837622]}}, {"type" : "Feature", "properties" : {"station" : "A", "name" : "달서구", "address" : "대구 달서구 월배로 131 월배초등학교", "year" : 2020}, "geometry" : {"type":"Point","coordinates":[128.528716,35.816708]}}, {"type" : "Feature", "properties" : {"station" : "A", "name" : "달성군", "address" : "대구 달성군 매곡로12길 37 다사읍주민자치센터", "year" : 2020}, "geometry" : {"type":"Point","coordinates":[128.457305,35.864816]}}, {"type" : "Feature", "properties" : {"station" : "A", "name" : "달서구", "address" : "대구 달서구 구마로 26길 62 본동행정복지센터 옥상", "year" : 2020}, "geometry" : {"type":"Point","coordinates":[128.541042,35.834445]}}, {"type" : "Feature", "properties" : {"station" : "A", "name" : "포항시 남구", "address" : "경북 포항시 장흥동 1821", "year" : 2020}, "geometry" : {"type":"Point","coordinates":[129.37449,35.980114]}}, {"type" : "Feature", "properties" : {"station" : "A", "name" : "포항시 북구", "address" : "경북 포항시 북구 삼흥로 98", "year" : 2020}, "geometry" : {"type":"Point","coordinates":[129.380459,36.070628]}}, {"type" : "Feature", "properties" : {"station" : "A", "name" : "포항시 남구", "address" : "경북 포항시 남구 대해로 138 상대동 주민센터", "year" : 2020}, "geometry" : {"type":"Point","coordinates":[129.365854,36.018821]}}, {"type" : "Feature", "properties" : {"station" : "A", "name" : "포항시 남구", "address" : "경북 포항시 남구 대송면 장동홍계길19 대송면사무소 옥상", "year" : 2020}, "geometry" : {"type":"Point","coordinates":[129.359985,35.968392]}}, {"type" : "Feature", "properties" : {"station" : "A", "name" : "포항시 남구", "address" : "경북 경북 포항시 남구 대송면 옥명리 526", "year" : 2020}, "geometry" : {"type":"Point","coordinates":[129.376788,35.963063]}}, {"type" : "Feature", "properties" : {"station" : "A", "name" : "포항시 남구", "address" : "경북 포항시 남구 축항로 55", "year" : 2020}, "geometry" : {"type":"Point","coordinates":[129.374758,36.030048]}}, {"type" : "Feature", "properties" : {"station" : "A", "name" : "포항시 남구", "address" : "경북 포항시 남구 오천읍 냉천로320번길 4-11", "year" : 2020}, "geometry" : {"type":"Point","coordinates":[129.408627,35.966821]}}, {"type" : "Feature", "properties" : {"station" : "A", "name" : "포항시 남구", "address" : "경북 포항시 남구 신항로 10", "year" : 2020}, "geometry" : {"type":"Point","coordinates":[129.405632,35.997354]}}, {"type" : "Feature", "properties" : {"station" : "A", "name" : "경주시", "address" : "경북 경주시 금성로 370 성건동 주민센터 옥상", "year" : 2020}, "geometry" : {"type":"Point","coordinates":[129.207353,35.850806]}}, {"type" : "Feature", "properties" : {"station" : "A", "name" : "경주시", "address" : "경북 경주시 경감로 587-18  스마트미디어센터 지상", "year" : 2020}, "geometry" : {"type":"Point","coordinates":[129.287281,35.835781]}}, {"type" : "Feature", "properties" : {"station" : "A", "name" : "경주시", "address" : "경북 경주시 안강읍 비화동길 9-40", "year" : 2020}, "geometry" : {"type":"Point","coordinates":[129.227026,35.990761]}}, {"type" : "Feature", "properties" : {"station" : "A", "name" : "경주시", "address" : "경북 경주시 외동읍 입실로3길 31 외동보건지소 옥상", "year" : 2020}, "geometry" : {"type":"Point","coordinates":[129.32354,35.715662]}}, {"type" : "Feature", "properties" : {"station" : "A", "name" : "김천시", "address" : "경북 김천시 운동장길1", "year" : 2020}, "geometry" : {"type":"Point","coordinates":[128.086574,36.143115]}}, {"type" : "Feature", "properties" : {"station" : "A", "name" : "김천시", "address" : "경북 김천시 공단2길 30-22", "year" : 2020}, "geometry" : {"type":"Point","coordinates":[128.137247,36.144059]}}, {"type" : "Feature", "properties" : {"station" : "A", "name" : "김천시", "address" : "경북 김천시 혁신4로 21", "year" : 2020}, "geometry" : {"type":"Point","coordinates":[128.183687,36.121438]}}, {"type" : "Feature", "properties" : {"station" : "A", "name" : "안동시", "address" : "경북 안동시 퇴계로 115 안동시청 경민관 옥상", "year" : 2020}, "geometry" : {"type":"Point","coordinates":[128.728249,36.568389]}}, {"type" : "Feature", "properties" : {"station" : "A", "name" : "구미시", "address" : "경북 구미시 산호대로 239 근로자종합복지회관 옥상", "year" : 2020}, "geometry" : {"type":"Point","coordinates":[128.384035,36.105082]}}, {"type" : "Feature", "properties" : {"station" : "A", "name" : "구미시", "address" : "경북 구미시 구미중앙로24 ", "year" : 2020}, "geometry" : {"type":"Point","coordinates":[128.325798,36.130788]}}, {"type" : "Feature", "properties" : {"station" : "A", "name" : "구미시", "address" : "경북 구미시 경은로 85 구미시립도서관 옥상", "year" : 2020}, "geometry" : {"type":"Point","coordinates":[128.335737,36.114006]}}, {"type" : "Feature", "properties" : {"station" : "A", "name" : "구미시", "address" : "경북 구미시 산동면 첨단기업1로 17", "year" : 2020}, "geometry" : {"type":"Point","coordinates":[128.440442,36.14231]}}, {"type" : "Feature", "properties" : {"station" : "A", "name" : "영주시", "address" : "경북 영주시 가흥동 산45-7 시립도서관", "year" : 2020}, "geometry" : {"type":"Point","coordinates":[128.612007,36.820556]}}, {"type" : "Feature", "properties" : {"station" : "A", "name" : "경산시", "address" : "경북 경산시 남매로 158", "year" : 2020}, "geometry" : {"type":"Point","coordinates":[128.743278,35.825109]}}, {"type" : "Feature", "properties" : {"station" : "A", "name" : "상주시", "address" : "경북 상주시 북천로 63", "year" : 2020}, "geometry" : {"type":"Point","coordinates":[128.157765,36.428925]}}, {"type" : "Feature", "properties" : {"station" : "A", "name" : "칠곡군", "address" : "경북 칠곡군 왜관읍 관문로1길 30", "year" : 2020}, "geometry" : {"type":"Point","coordinates":[128.417615,35.990532]}}, {"type" : "Feature", "properties" : {"station" : "A", "name" : "영덕군", "address" : "경북 영덕군 영덕읍 화개리 257-6 영덕군민운동장 옆", "year" : 2020}, "geometry" : {"type":"Point","coordinates":[129.363618,36.420215]}}, {"type" : "Feature", "properties" : {"station" : "C", "name" : "영덕군", "address" : "경북 영덕군 강구면 강구리 167 강구대게축구장 ", "year" : 2020}, "geometry" : {"type":"Point","coordinates":[129.388802,36.363547]}}, {"type" : "Feature", "properties" : {"station" : "A", "name" : "영덕군", "address" : "경북 영덕군 영해면 예주3길 7 영해면행정복지센터 옥상", "year" : 2020}, "geometry" : {"type":"Point","coordinates":[129.407128,36.537492]}}, {"type" : "Feature", "properties" : {"station" : "A", "name" : "문경시", "address" : "경북 문경시 시청2길 45 모전도서관 옥상", "year" : 2020}, "geometry" : {"type":"Point","coordinates":[128.18608,36.586672]}}, {"type" : "Feature", "properties" : {"station" : "A", "name" : "성주군", "address" : "경북 성주군 성주읍 성주로 3258 별고을교육원", "year" : 2020}, "geometry" : {"type":"Point","coordinates":[128.290217,35.917424]}}, {"type" : "Feature", "properties" : {"station" : "C", "name" : "영덕군", "address" : "경북 영덕군 지품면 신안리 산6-1", "year" : 2020}, "geometry" : {"type":"Point","coordinates":[129.286982,36.447975]}}, {"type" : "Feature", "properties" : {"station" : "C", "name" : "영천시", "address" : "경북 영천시 화북면 천문로 2304-21", "year" : 2020}, "geometry" : {"type":"Point","coordinates":[128.927964,36.112919]}}, {"type" : "Feature", "properties" : {"station" : "A", "name" : "영천시", "address" : "경북 영천시 시청로 23", "year" : 2020}, "geometry" : {"type":"Point","coordinates":[128.937575,35.972796]}}, {"type" : "Feature", "properties" : {"station" : "C", "name" : "의성군", "address" : "경북 의성군 안계면 위양리 111", "year" : 2020}, "geometry" : {"type":"Point","coordinates":[128.456436,36.368828]}}, {"type" : "Feature", "properties" : {"station" : "A", "name" : "의성군", "address" : "경북 의성군 의성읍 군청길 31", "year" : 2020}, "geometry" : {"type":"Point","coordinates":[128.6973,36.35295]}}, {"type" : "Feature", "properties" : {"station" : "A", "name" : "울진군", "address" : "경북 울진군 울진읍 읍내10길 19 울진읍사무소 옥상", "year" : 2020}, "geometry" : {"type":"Point","coordinates":[129.402873,36.997346]}}, {"type" : "Feature", "properties" : {"station" : "A", "name" : "봉화군", "address" : "경북 봉화군 석포면 석포로1길 55  석포면사무소 앞", "year" : 2020}, "geometry" : {"type":"Point","coordinates":[129.065368,37.048615]}}, {"type" : "Feature", "properties" : {"station" : "D", "name" : "울릉군", "address" : "경북 울릉군 서면 태하등대길 188", "year" : 2020}, "geometry" : {"type":"Point","coordinates":[130.798025,37.518133]}}, {"type" : "Feature", "properties" : {"station" : "A", "name" : "울릉군", "address" : "경북 울릉군 울릉읍 도동2길 65", "year" : 2020}, "geometry" : {"type":"Point","coordinates":[130.905446,37.484217]}}, {"type" : "Feature", "properties" : {"station" : "A", "name" : "고령군", "address" : "경북 고령군 대가야읍 성산로 46 ", "year" : 2020}, "geometry" : {"type":"Point","coordinates":[128.286235,35.728044]}}, {"type" : "Feature", "properties" : {"station" : "A", "name" : "군위군", "address" : "경북 군위군 군위읍 군청로 158", "year" : 2020}, "geometry" : {"type":"Point","coordinates":[128.574422,36.237457]}}, {"type" : "Feature", "properties" : {"station" : "A", "name" : "영양군", "address" : "경북 영양군 영양읍 군청길 37", "year" : 2020}, "geometry" : {"type":"Point","coordinates":[129.112302,36.667059]}}, {"type" : "Feature", "properties" : {"station" : "A", "name" : "예천군", "address" : "경북 예천군 호명면 행복7길 25-4 예천군통합관제센터 옥상", "year" : 2020}, "geometry" : {"type":"Point","coordinates":[128.473244,36.576785]}}, {"type" : "Feature", "properties" : {"station" : "A", "name" : "청도군", "address" : "경북 청도군 화양읍 도주관로 159 화양읍사무소 옥상", "year" : 2020}, "geometry" : {"type":"Point","coordinates":[128.706157,35.649645]}}, {"type" : "Feature", "properties" : {"station" : "C", "name" : "포항시 남구", "address" : "경북 포항시 남구 신항로 99-98 제4부두 인근", "year" : 2020}, "geometry" : {"type":"Point","coordinates":[129.41491,36.00602]}}, {"type" : "Feature", "properties" : {"station" : "A", "name" : "대덕구", "address" : "대전 대덕구 대전로 1331번길 75 태아산업 옥상", "year" : 2020}, "geometry" : {"type":"Point","coordinates":[127.417658,36.372192]}}, {"type" : "Feature", "properties" : {"station" : "A", "name" : "대덕구", "address" : "대전 대덕구 문평동로18번길 34  문평119안전센터 옥상", "year" : 2020}, "geometry" : {"type":"Point","coordinates":[127.404729,36.446949]}}, {"type" : "Feature", "properties" : {"station" : "A", "name" : "중구", "address" : "대전 중구 보문로20번길 38  문창동 주민센터 옥상", "year" : 2020}, "geometry" : {"type":"Point","coordinates":[127.43792,36.316222]}}, {"type" : "Feature", "properties" : {"station" : "A", "name" : "유성구", "address" : "대전 유성구 대학로 407  보건환경연구원 옥상", "year" : 2020}, "geometry" : {"type":"Point","coordinates":[127.373848,36.372457]}}, {"type" : "Feature", "properties" : {"station" : "A", "name" : "유성구", "address" : "대전 유성구 노은동로87번길 89", "year" : 2020}, "geometry" : {"type":"Point","coordinates":[127.31842,36.368197]}}, {"type" : "Feature", "properties" : {"station" : "A", "name" : "유성구", "address" : "대전 유성구 도안대로 398", "year" : 2020}, "geometry" : {"type":"Point","coordinates":[127.335181,36.336667]}}, {"type" : "Feature", "properties" : {"station" : "A", "name" : "유성구", "address" : "대전 유성구 관평동 771", "year" : 2020}, "geometry" : {"type":"Point","coordinates":[127.394717,36.424773]}}, {"type" : "Feature", "properties" : {"station" : "B", "name" : "중구", "address" : "대전 중구 중앙로 58 선화센트럴뷰 아파트 건너편", "year" : 2020}, "geometry" : {"type":"Point","coordinates":[127.4184,36.3237]}}, {"type" : "Feature", "properties" : {"station" : "A", "name" : "동구", "address" : "대전 동구 계족로368번길 70", "year" : 2020}, "geometry" : {"type":"Point","coordinates":[127.437494,36.344546]}}, {"type" : "Feature", "properties" : {"station" : "A", "name" : "동구", "address" : "대전 동구 동구청로 36 대전남부여성가족원 옆", "year" : 2020}, "geometry" : {"type":"Point","coordinates":[127.460223,36.302067]}}, {"type" : "Feature", "properties" : {"station" : "A", "name" : "서구", "address" : "대전 서구 정림동로 10  ", "year" : 2020}, "geometry" : {"type":"Point","coordinates":[127.36672,36.304511]}}, {"type" : "Feature", "properties" : {"station" : "A", "name" : "서구", "address" : "대전 서구 둔산서로 84  근로자종합복지회관 3층", "year" : 2020}, "geometry" : {"type":"Point","coordinates":[127.383475,36.354293]}}, {"type" : "Feature", "properties" : {"station" : "B", "name" : "서구", "address" : "대전 서구 월평동 160-5 월평자동차종합시장 입구", "year" : 2020}, "geometry" : {"type":"Point","coordinates":[127.35477,36.351]}}, {"type" : "Feature", "properties" : {"station" : "A", "name" : "청주시 흥덕구", "address" : "충북 청주시 흥덕구 직지대로 393", "year" : 2020}, "geometry" : {"type":"Point","coordinates":[127.436806,36.644705]}}, {"type" : "Feature", "properties" : {"station" : "A", "name" : "청주시 청원구", "address" : "충북 청주시 청원구 사뜸로 61번길 88-14", "year" : 2020}, "geometry" : {"type":"Point","coordinates":[127.474941,36.666301]}}, {"type" : "Feature", "properties" : {"station" : "A", "name" : "청주시 상당구", "address" : "충북 청주시 상당구 용담동 154-11", "year" : 2020}, "geometry" : {"type":"Point","coordinates":[127.503819,36.635775]}}, {"type" : "Feature", "properties" : {"station" : "A", "name" : "청주시 상당구", "address" : "충북 청주시 상당구 중흥로 29", "year" : 2020}, "geometry" : {"type":"Point","coordinates":[127.501265,36.608782]}}, {"type" : "Feature", "properties" : {"station" : "B", "name" : "청주시 흥덕구", "address" : "충북 청주시 흥덕구 복대동 111 산단육거리 교차점 광장", "year" : 2020}, "geometry" : {"type":"Point","coordinates":[127.4472,36.6347]}}, {"type" : "Feature", "properties" : {"station" : "A", "name" : "천안시 동남구", "address" : "충남 천안시 동남구 복자1길 24", "year" : 2020}, "geometry" : {"type":"Point","coordinates":[127.152128,36.814224]}}, {"type" : "Feature", "properties" : {"station" : "A", "name" : "천안시 서북구", "address" : "충남 천안시 서북구 백석공단1로 20", "year" : 2020}, "geometry" : {"type":"Point","coordinates":[127.11068,36.824951]}}, {"type" : "Feature", "properties" : {"station" : "B", "name" : "천안시 서북구", "address" : "충남 천안시 성성동 1-23번지 삼성대로변", "year" : 2020}, "geometry" : {"type":"Point","coordinates":[127.1331,36.83935]}}, {"type" : "Feature", "properties" : {"station" : "A", "name" : "천안시 서북구", "address" : "충남 천안시 성거읍 천흥8길7", "year" : 2020}, "geometry" : {"type":"Point","coordinates":[127.207374,36.883472]}}, {"type" : "Feature", "properties" : {"station" : "A", "name" : "천안시 동남구", "address" : "충남 천안시 동남구 천안천변길 127 맑은물사업소 하수처리장", "year" : 2020}, "geometry" : {"type":"Point","coordinates":[127.120579,36.782761]}}, {"type" : "Feature", "properties" : {"station" : "C", "name" : "공주시", "address" : "충남 공주시 사곡면 마곡사로 293-106", "year" : 2020}, "geometry" : {"type":"Point","coordinates":[127.030911,36.526373]}}, {"type" : "Feature", "properties" : {"station" : "A", "name" : "공주시", "address" : "충남 공주시 봉황로 1", "year" : 2020}, "geometry" : {"type":"Point","coordinates":[127.119054,36.446741]}}, {"type" : "Feature", "properties" : {"station" : "A", "name" : "공주시", "address" : "충남 공주시 탄천면 안터새말길 34", "year" : 2020}, "geometry" : {"type":"Point","coordinates":[127.067229,36.308668]}}, {"type" : "Feature", "properties" : {"station" : "A", "name" : "부여군", "address" : "충남 부여군 부여읍 사비로 36 ", "year" : 2020}, "geometry" : {"type":"Point","coordinates":[126.911165,36.275527]}}, {"type" : "Feature", "properties" : {"station" : "A", "name" : "서산시", "address" : "충남 충남 서산시 대산읍 독곶리 1-2", "year" : 2020}, "geometry" : {"type":"Point","coordinates":[126.38423,36.990071]}}, {"type" : "Feature", "properties" : {"station" : "A", "name" : "서산시", "address" : "충남 서산시 중앙로 38-1", "year" : 2020}, "geometry" : {"type":"Point","coordinates":[126.455155,36.780125]}}, {"type" : "Feature", "properties" : {"station" : "A", "name" : "서산시", "address" : "충남 서산시 대산읍 충의로 1942", "year" : 2020}, "geometry" : {"type":"Point","coordinates":[126.433946,36.938006]}}, {"type" : "Feature", "properties" : {"station" : "A", "name" : "서산시", "address" : "충남 서산시 성연면 마루들길 15", "year" : 2020}, "geometry" : {"type":"Point","coordinates":[126.460854,36.83905]}}, {"type" : "Feature", "properties" : {"station" : "A", "name" : "당진시", "address" : "충남 당진시 송산면 유곡로 342-27 ", "year" : 2020}, "geometry" : {"type":"Point","coordinates":[126.716304,36.976456]}}, {"type" : "Feature", "properties" : {"station" : "A", "name" : "당진시", "address" : "충남 당진시 시청1로 1 ", "year" : 2020}, "geometry" : {"type":"Point","coordinates":[126.645572,36.889408]}}, {"type" : "Feature", "properties" : {"station" : "A", "name" : "아산시", "address" : "충남 아산시 번영로 224번길 20", "year" : 2020}, "geometry" : {"type":"Point","coordinates":[127.014418,36.782677]}}, {"type" : "Feature", "properties" : {"station" : "A", "name" : "아산시", "address" : "충남 아산시 배방읍 배방로 38", "year" : 2020}, "geometry" : {"type":"Point","coordinates":[127.053236,36.773647]}}, {"type" : "Feature", "properties" : {"station" : "A", "name" : "아산시", "address" : "충남 아산시 도고면 기곡리 296-4", "year" : 2020}, "geometry" : {"type":"Point","coordinates":[126.88873,36.762528]}}, {"type" : "Feature", "properties" : {"station" : "A", "name" : "아산시", "address" : "충남 아산시 둔포면 석곡리 1481", "year" : 2020}, "geometry" : {"type":"Point","coordinates":[127.060865,36.920279]}}, {"type" : "Feature", "properties" : {"station" : "A", "name" : "아산시", "address" : "충남 아산시 인주면 걸매리 1048", "year" : 2020}, "geometry" : {"type":"Point","coordinates":[126.879542,36.87348]}}, {"type" : "Feature", "properties" : {"station" : "A", "name" : "논산시", "address" : "충남 논산시 시민로 389 ", "year" : 2020}, "geometry" : {"type":"Point","coordinates":[127.086997,36.19932]}}, {"type" : "Feature", "properties" : {"station" : "A", "name" : "논산시", "address" : "충남 논산시 연무읍 안심로 50 연무읍사무소 옥상", "year" : 2020}, "geometry" : {"type":"Point","coordinates":[127.099022,36.125094]}}, {"type" : "Feature", "properties" : {"station" : "C", "name" : "태안군", "address" : "충남 태안군 소원면 파도길 51-19", "year" : 2020}, "geometry" : {"type":"Point","coordinates":[126.132202,36.736386]}}, {"type" : "Feature", "properties" : {"station" : "A", "name" : "태안군", "address" : "충남 태안군 이원면 분지길 14 ", "year" : 2020}, "geometry" : {"type":"Point","coordinates":[126.280686,36.869712]}}, {"type" : "Feature", "properties" : {"station" : "A", "name" : "태안군", "address" : "충남 태안군 태안읍 군청6길 30", "year" : 2020}, "geometry" : {"type":"Point","coordinates":[126.302449,36.746091]}}, {"type" : "Feature", "properties" : {"station" : "D", "name" : "태안군", "address" : "충남 태안군 근흥면 가의도길 44-71", "year" : 2020}, "geometry" : {"type":"Point","coordinates":[125.559001,36.626079]}}, {"type" : "Feature", "properties" : {"station" : "A", "name" : "예산군", "address" : "충남 예산군 예산읍 신흥길 63", "year" : 2020}, "geometry" : {"type":"Point","coordinates":[126.848885,36.677431]}}, {"type" : "Feature", "properties" : {"station" : "A", "name" : "보령시", "address" : "충남 보령시 중앙로 142-16 ", "year" : 2020}, "geometry" : {"type":"Point","coordinates":[126.5898,36.353392]}}, {"type" : "Feature", "properties" : {"station" : "A", "name" : "보령시", "address" : "충남 보령시 주교면 울계큰길 396", "year" : 2020}, "geometry" : {"type":"Point","coordinates":[126.569338,36.39089]}}, {"type" : "Feature", "properties" : {"station" : "D", "name" : "보령시", "address" : "충남 보령시 오천면 외연도리 산64", "year" : 2020}, "geometry" : {"type":"Point","coordinates":[126.083,36.229]}}, {"type" : "Feature", "properties" : {"station" : "A", "name" : "홍성군", "address" : "충남 홍성군 홍성읍 내포로 136번길 29 ", "year" : 2020}, "geometry" : {"type":"Point","coordinates":[126.655115,36.597704]}}, {"type" : "Feature", "properties" : {"station" : "A", "name" : "홍성군", "address" : "충남 홍성군 홍북읍 홍예공원로 8", "year" : 2020}, "geometry" : {"type":"Point","coordinates":[126.667525,36.653264]}}, {"type" : "Feature", "properties" : {"station" : "A", "name" : "금산군", "address" : "충남 금산군 금산읍 비호로 69", "year" : 2020}, "geometry" : {"type":"Point","coordinates":[127.490493,36.107246]}}, {"type" : "Feature", "properties" : {"station" : "A", "name" : "청양군", "address" : "충남 청양군 청양읍 칠갑산로 7길 54", "year" : 2020}, "geometry" : {"type":"Point","coordinates":[126.804835,36.455085]}}, {"type" : "Feature", "properties" : {"station" : "A", "name" : "청양군", "address" : "충남 청양군 정산면 서정리 44", "year" : 2020}, "geometry" : {"type":"Point","coordinates":[126.945594,36.41492]}}, {"type" : "Feature", "properties" : {"station" : "A", "name" : "계룡시", "address" : "충남 계룡시 엄사면 번영7길 17 ", "year" : 2020}, "geometry" : {"type":"Point","coordinates":[127.237918,36.287014]}}, {"type" : "Feature", "properties" : {"station" : "C", "name" : "당진시", "address" : "충남 당진시 신평면 매산리 975 서부두 방파제등대 옆", "year" : 2020}, "geometry" : {"type":"Point","coordinates":[126.82171,36.96839]}}, {"type" : "Feature", "properties" : {"station" : "C", "name" : "서산시", "address" : "충남 서산시 대산읍 대죽리 1114 대산항 공원부지", "year" : 2020}, "geometry" : {"type":"Point","coordinates":[126.42662,37.01258]}}, {"type" : "Feature", "properties" : {"station" : "C", "name" : "서천군", "address" : "충남 서천군 장항읍 장산로 270-3", "year" : 2020}, "geometry" : {"type":"Point","coordinates":[126.690383,36.00794]}}, {"type" : "Feature", "properties" : {"station" : "A", "name" : "세종특별자치시", "address" : "세종 조치원읍 군청로 87-16", "year" : 2020}, "geometry" : {"type":"Point","coordinates":[127.291865,36.592554]}}, {"type" : "Feature", "properties" : {"station" : "A", "name" : "세종특별자치시", "address" : "세종 아름동 보듬3로 114", "year" : 2020}, "geometry" : {"type":"Point","coordinates":[127.246879,36.51236]}}, {"type" : "Feature", "properties" : {"station" : "A", "name" : "세종특별자치시", "address" : "세종 누리로 27 첫마을 6단지 관리사무소 옥상", "year" : 2020}, "geometry" : {"type":"Point","coordinates":[127.25142,36.47611]}}, {"type" : "Feature", "properties" : {"station" : "A", "name" : "세종특별자치시", "address" : "세종 부강면 부강외천로 20", "year" : 2020}, "geometry" : {"type":"Point","coordinates":[127.370383,36.526954]}}, {"type" : "Feature", "properties" : {"station" : "A", "name" : "원주시", "address" : "강원 원주시 충정길 12", "year" : 2020}, "geometry" : {"type":"Point","coordinates":[127.947467,37.352805]}}, {"type" : "Feature", "properties" : {"station" : "A", "name" : "원주시", "address" : "강원 원주시 배울로215", "year" : 2020}, "geometry" : {"type":"Point","coordinates":[127.977091,37.335891]}}, {"type" : "Feature", "properties" : {"station" : "A", "name" : "원주시", "address" : "강원 원주시 문막읍 건등로 11", "year" : 2020}, "geometry" : {"type":"Point","coordinates":[127.817269,37.312576]}}, {"type" : "Feature", "properties" : {"station" : "A", "name" : "강릉시", "address" : "강원 강릉시 경강로 2179", "year" : 2020}, "geometry" : {"type":"Point","coordinates":[128.902996,37.760103]}}, {"type" : "Feature", "properties" : {"station" : "A", "name" : "동해시", "address" : "강원 동해시 천곡로 77", "year" : 2020}, "geometry" : {"type":"Point","coordinates":[129.114075,37.524825]}}, {"type" : "Feature", "properties" : {"station" : "A", "name" : "삼척시", "address" : "강원 삼척시 남양길 11", "year" : 2020}, "geometry" : {"type":"Point","coordinates":[129.168454,37.44262]}}, {"type" : "Feature", "properties" : {"station" : "A", "name" : "평창군", "address" : "강원 평창군 평창읍 종부로 61", "year" : 2020}, "geometry" : {"type":"Point","coordinates":[128.389029,37.360467]}}, {"type" : "Feature", "properties" : {"station" : "C", "name" : "정선군", "address" : "강원 정선군 북평면 송석길 146-7", "year" : 2020}, "geometry" : {"type":"Point","coordinates":[128.665288,37.430593]}}, {"type" : "Feature", "properties" : {"station" : "A", "name" : "정선군", "address" : "강원 정선군 정선읍 정선로 1331", "year" : 2020}, "geometry" : {"type":"Point","coordinates":[128.6617,37.379855]}}, {"type" : "Feature", "properties" : {"station" : "C", "name" : "고성군", "address" : "강원 고성군 간성읍 흘리령1길 63", "year" : 2020}, "geometry" : {"type":"Point","coordinates":[128.384158,38.286515]}}, {"type" : "Feature", "properties" : {"station" : "C", "name" : "횡성군", "address" : "강원 횡성군 강림면 태종로 42 강림면사무소", "year" : 2020}, "geometry" : {"type":"Point","coordinates":[128.125127,37.360212]}}, {"type" : "Feature", "properties" : {"station" : "A", "name" : "횡성군", "address" : "강원 횡성군 횡성읍 중앙로 30", "year" : 2020}, "geometry" : {"type":"Point","coordinates":[127.983083,37.489773]}}, {"type" : "Feature", "properties" : {"station" : "A", "name" : "고성군", "address" : "강원 고성군 간성읍 수성로 160", "year" : 2020}, "geometry" : {"type":"Point","coordinates":[128.463668,38.381143]}}, {"type" : "Feature", "properties" : {"station" : "A", "name" : "양양군", "address" : "강원 양양군 양양읍 남문로 39 군의회 옥상", "year" : 2020}, "geometry" : {"type":"Point","coordinates":[128.618209,38.075005]}}, {"type" : "Feature", "properties" : {"station" : "A", "name" : "속초시", "address" : "강원 속초시 중앙시장로 43 금호동주민센터 옥상", "year" : 2020}, "geometry" : {"type":"Point","coordinates":[128.588219,38.206872]}}, {"type" : "Feature", "properties" : {"station" : "A", "name" : "철원군", "address" : "강원 철원군 갈말읍 삼부연로 51 철원문화원 옥상", "year" : 2020}, "geometry" : {"type":"Point","coordinates":[127.313031,38.146674]}}, {"type" : "Feature", "properties" : {"station" : "A", "name" : "홍천군", "address" : "강원 홍천군 홍천읍 연봉동로 27 홍천기상관측소", "year" : 2020}, "geometry" : {"type":"Point","coordinates":[127.880262,37.683777]}}, {"type" : "Feature", "properties" : {"station" : "A", "name" : "영월군", "address" : "강원 영월군 영월읍 하송리 81-107 능동배수펌프장 정문", "year" : 2020}, "geometry" : {"type":"Point","coordinates":[128.46245,37.173925]}}, {"type" : "Feature", "properties" : {"station" : "A", "name" : "화천군", "address" : "강원 화천군 화천읍 화천새싹길 45 화천군청", "year" : 2020}, "geometry" : {"type":"Point","coordinates":[127.708159,38.1061]}}, {"type" : "Feature", "properties" : {"station" : "A", "name" : "태백시", "address" : "강원 태백시 태붐로 21 시청 정문방향 주차장", "year" : 2020}, "geometry" : {"type":"Point","coordinates":[128.985998,37.163994]}}, {"type" : "Feature", "properties" : {"station" : "A", "name" : "인제군", "address" : "강원 인제군 인제읍 남북리 426-1 인제군기상관측소 지상", "year" : 2020}, "geometry" : {"type":"Point","coordinates":[128.166866,38.060069]}}, {"type" : "Feature", "properties" : {"station" : "A", "name" : "충주시", "address" : "충북 충주시 중원대로 3324", "year" : 2020}, "geometry" : {"type":"Point","coordinates":[127.926072,36.964476]}}, {"type" : "Feature", "properties" : {"station" : "A", "name" : "충주시", "address" : "충북 충주시 칠금중앙로 37", "year" : 2020}, "geometry" : {"type":"Point","coordinates":[127.919169,36.982107]}}, {"type" : "Feature", "properties" : {"station" : "A", "name" : "충주시", "address" : "충북 충주시 중앙탑면 기업도시로 237", "year" : 2020}, "geometry" : {"type":"Point","coordinates":[127.82261,37.016715]}}, {"type" : "Feature", "properties" : {"station" : "A", "name" : "충주시", "address" : "충북 충주시 살미면 세성리 335-2 ", "year" : 2020}, "geometry" : {"type":"Point","coordinates":[127.96454,36.905368]}}, {"type" : "Feature", "properties" : {"station" : "A", "name" : "제천시", "address" : "충북 제천시 내제로 318", "year" : 2020}, "geometry" : {"type":"Point","coordinates":[128.220703,37.145164]}}, {"type" : "Feature", "properties" : {"station" : "A", "name" : "제천시", "address" : "충북 제천시 청풍호로8길 7", "year" : 2020}, "geometry" : {"type":"Point","coordinates":[128.200858,37.124112]}}, {"type" : "Feature", "properties" : {"station" : "A", "name" : "제천시", "address" : "충북 제천시 청풍면 청풍호로 2115 청풍면행정복지센터 지상", "year" : 2020}, "geometry" : {"type":"Point","coordinates":[128.168433,37.000705]}}, {"type" : "Feature", "properties" : {"station" : "A", "name" : "청주시 청원구", "address" : "충북 청주시 청원구 오창읍 오창중앙로 48 각리중학교 옥상", "year" : 2020}, "geometry" : {"type":"Point","coordinates":[127.422022,36.709052]}}, {"type" : "Feature", "properties" : {"station" : "A", "name" : "청주시 서원구", "address" : "충북 청주시 서원구 원흥로 81", "year" : 2020}, "geometry" : {"type":"Point","coordinates":[127.46736,36.61366]}}, {"type" : "Feature", "properties" : {"station" : "A", "name" : "청주시 흥덕구", "address" : "충북 청주시 흥덕구 오송읍 오송생명로 150", "year" : 2020}, "geometry" : {"type":"Point","coordinates":[127.32512,36.63249]}}, {"type" : "Feature", "properties" : {"station" : "A", "name" : "청주시 상당구", "address" : "충북 청주시 상당구 가덕면 보청대로 4650", "year" : 2020}, "geometry" : {"type":"Point","coordinates":[127.548302,36.553418]}}, {"type" : "Feature", "properties" : {"station" : "A", "name" : "단양군", "address" : "충북 단양군 매포읍 평동33길 3", "year" : 2020}, "geometry" : {"type":"Point","coordinates":[128.295812,37.033222]}}, {"type" : "Feature", "properties" : {"station" : "A", "name" : "단양군", "address" : "충북 단양군 단성면 충혼로 52-1 단성보건지소 ", "year" : 2020}, "geometry" : {"type":"Point","coordinates":[128.32082,36.939139]}}, {"type" : "Feature", "properties" : {"station" : "A", "name" : "단양군", "address" : "충북 단양군 단양읍 별곡 6길 26 공설운동장 공중화장실 옥상", "year" : 2020}, "geometry" : {"type":"Point","coordinates":[128.3656,36.9872]}}, {"type" : "Feature", "properties" : {"station" : "C", "name" : "괴산군", "address" : "충북 괴산군 청천면 송문로덕평길 54-13", "year" : 2020}, "geometry" : {"type":"Point","coordinates":[127.804707,36.730905]}}, {"type" : "Feature", "properties" : {"station" : "A", "name" : "괴산군", "address" : "충북 괴산군 괴산읍 서부리 377-1", "year" : 2020}, "geometry" : {"type":"Point","coordinates":[127.789304,36.80757]}}, {"type" : "Feature", "properties" : {"station" : "A", "name" : "괴산군", "address" : "충북 괴산군 감물면 충민로신대길 13 감물면사무소 지상", "year" : 2020}, "geometry" : {"type":"Point","coordinates":[127.874936,36.836692]}}, {"type" : "Feature", "properties" : {"station" : "A", "name" : "진천군", "address" : "충북 진천군 진천읍 상산로 65", "year" : 2020}, "geometry" : {"type":"Point","coordinates":[127.441233,36.85509]}}, {"type" : "Feature", "properties" : {"station" : "A", "name" : "진천군", "address" : "충북 진천군 덕산읍 대월로 90 혁신도시공원 관리사무소 옥상", "year" : 2020}, "geometry" : {"type":"Point","coordinates":[127.539041,36.901812]}}, {"type" : "Feature", "properties" : {"station" : "C", "name" : "음성군", "address" : "충북 음성군 금왕읍 무극로 370 금왕공설운동장 내", "year" : 2020}, "geometry" : {"type":"Point","coordinates":[127.604402,36.993317]}}, {"type" : "Feature", "properties" : {"station" : "A", "name" : "음성군", "address" : "충북 음성군 음성읍 중앙로 49 음성군보건소 건강증진센터 옥상", "year" : 2020}, "geometry" : {"type":"Point","coordinates":[127.688834,36.92854]}}, {"type" : "Feature", "properties" : {"station" : "A", "name" : "음성군", "address" : "충북 음성군 소이면 대장리 93-1 소이면 전천후게이트볼장 공터", "year" : 2020}, "geometry" : {"type":"Point","coordinates":[127.75747,36.922789]}}, {"type" : "Feature", "properties" : {"station" : "A", "name" : "영동군", "address" : "충북 영동군 영동읍 계산로 2길 25 ", "year" : 2020}, "geometry" : {"type":"Point","coordinates":[127.777788,36.172755]}}, {"type" : "Feature", "properties" : {"station" : "A", "name" : "증평군", "address" : "충북 증평군 증평읍 송산리 123-2번지 ", "year" : 2020}, "geometry" : {"type":"Point","coordinates":[127.58703,36.79219]}}, {"type" : "Feature", "properties" : {"station" : "A", "name" : "보은군", "address" : "충북 보은군 보은읍 삼산로 50 보은읍 행정복지센터 옥상", "year" : 2020}, "geometry" : {"type":"Point","coordinates":[127.716962,36.483417]}}, {"type" : "Feature", "properties" : {"station" : "A", "name" : "옥천군", "address" : "충북 옥천군 옥천읍 중앙로 99 옥천군청 통합관제센터 옥상", "year" : 2020}, "geometry" : {"type":"Point","coordinates":[127.571498,36.306555]}}, {"type" : "Feature", "properties" : {"station" : "A", "name" : "전주시 완산구", "address" : "전북 전주시 완산구 용리로 107 전주시립삼천도서관 옥상", "year" : 2020}, "geometry" : {"type":"Point","coordinates":[127.121693,35.798925]}}, {"type" : "Feature", "properties" : {"station" : "A", "name" : "전주시 덕진구", "address" : "전북 전주시 덕진구 서귀로 107 전주시 청소년 자유센터옥상", "year" : 2020}, "geometry" : {"type":"Point","coordinates":[127.087516,35.851307]}}, {"type" : "Feature", "properties" : {"station" : "A", "name" : "전주시 덕진구", "address" : "전북 전주시 덕진구 동부대로 1183", "year" : 2020}, "geometry" : {"type":"Point","coordinates":[127.116889,35.868047]}}, {"type" : "Feature", "properties" : {"station" : "B", "name" : "전주시 완산구", "address" : "전북 전주시 완산구 서신동 884 통일광장사거리", "year" : 2020}, "geometry" : {"type":"Point","coordinates":[127.123,35.8334]}}, {"type" : "Feature", "properties" : {"station" : "A", "name" : "전주시 덕진구", "address" : "전북 전주시 덕진구 중동로 150", "year" : 2020}, "geometry" : {"type":"Point","coordinates":[127.06314,35.846441]}}, {"type" : "Feature", "properties" : {"station" : "A", "name" : "군산시", "address" : "전북 군산시 대학로 215 신풍동주민센터", "year" : 2020}, "geometry" : {"type":"Point","coordinates":[126.700797,35.972833]}}, {"type" : "Feature", "properties" : {"station" : "A", "name" : "군산시", "address" : "전북 군산시 외항1길 222  롯데주류3층 옥상", "year" : 2020}, "geometry" : {"type":"Point","coordinates":[126.651181,35.976169]}}, {"type" : "Feature", "properties" : {"station" : "A", "name" : "군산시", "address" : "전북 군산시 번영로 339-5 ", "year" : 2020}, "geometry" : {"type":"Point","coordinates":[126.754393,35.964388]}}, {"type" : "Feature", "properties" : {"station" : "A", "name" : "군산시", "address" : "전북 군산시 산성로 200 ", "year" : 2020}, "geometry" : {"type":"Point","coordinates":[126.748311,35.939478]}}, {"type" : "Feature", "properties" : {"station" : "A", "name" : "군산시", "address" : "전북 군산시 새만금북로 43 ", "year" : 2020}, "geometry" : {"type":"Point","coordinates":[126.541078,35.943798]}}, {"type" : "Feature", "properties" : {"station" : "A", "name" : "익산시", "address" : "전북 익산시 삼기면 황금로 513 ", "year" : 2020}, "geometry" : {"type":"Point","coordinates":[126.98396,36.020295]}}, {"type" : "Feature", "properties" : {"station" : "A", "name" : "익산시", "address" : "전북 익산시 무왕로 1338 익산소방서옥상", "year" : 2020}, "geometry" : {"type":"Point","coordinates":[127.005116,35.962033]}}, {"type" : "Feature", "properties" : {"station" : "A", "name" : "익산시", "address" : "전북 익산시 배산로 189-10 청소년 문화의집 옥상", "year" : 2020}, "geometry" : {"type":"Point","coordinates":[126.941136,35.95469]}}, {"type" : "Feature", "properties" : {"station" : "A", "name" : "익산시", "address" : "전북 익산시 용동면 용동 1길 80-4 용동복지회관 옥상", "year" : 2020}, "geometry" : {"type":"Point","coordinates":[126.991706,36.109702]}}, {"type" : "Feature", "properties" : {"station" : "A", "name" : "익산시", "address" : "전북 익산시 함열중앙로 83 익산시청 북부청상 옥상", "year" : 2020}, "geometry" : {"type":"Point","coordinates":[126.966479,36.078565]}}, {"type" : "Feature", "properties" : {"station" : "A", "name" : "정읍시", "address" : "전북 정읍시 조곡천 1길 7 ", "year" : 2020}, "geometry" : {"type":"Point","coordinates":[126.8459,35.568466]}}, {"type" : "Feature", "properties" : {"station" : "A", "name" : "정읍시", "address" : "전북 정읍시 신태인중앙로 14", "year" : 2020}, "geometry" : {"type":"Point","coordinates":[126.886714,35.688084]}}, {"type" : "Feature", "properties" : {"station" : "A", "name" : "남원시", "address" : "전북 남원시 비석길 72 ", "year" : 2020}, "geometry" : {"type":"Point","coordinates":[127.384526,35.407513]}}, {"type" : "Feature", "properties" : {"station" : "A", "name" : "고창군", "address" : "전북 고창군 고창읍 월곡공원1길 36", "year" : 2020}, "geometry" : {"type":"Point","coordinates":[126.71276,35.438095]}}, {"type" : "Feature", "properties" : {"station" : "A", "name" : "고창군", "address" : "전북 고창군 심원면 심원로 211", "year" : 2020}, "geometry" : {"type":"Point","coordinates":[126.550995,35.524201]}}, {"type" : "Feature", "properties" : {"station" : "A", "name" : "부안군", "address" : "전북 부안군 행안면 변산로 16 ", "year" : 2020}, "geometry" : {"type":"Point","coordinates":[126.719326,35.729736]}}, {"type" : "Feature", "properties" : {"station" : "C", "name" : "부안군", "address" : "전북 부안군 변산면 새만금로 470 ", "year" : 2020}, "geometry" : {"type":"Point","coordinates":[126.529083,35.730579]}}, {"type" : "Feature", "properties" : {"station" : "A", "name" : "김제시", "address" : "전북 김제시 요촌중길 50 ", "year" : 2020}, "geometry" : {"type":"Point","coordinates":[126.891403,35.804927]}}, {"type" : "Feature", "properties" : {"station" : "A", "name" : "완주군", "address" : "전북 완주군 고산면 고산로 69-13", "year" : 2020}, "geometry" : {"type":"Point","coordinates":[127.205343,35.976415]}}, {"type" : "Feature", "properties" : {"station" : "A", "name" : "완주군", "address" : "전북 완주군 봉동읍 삼봉로 933", "year" : 2020}, "geometry" : {"type":"Point","coordinates":[127.165868,35.941736]}}, {"type" : "Feature", "properties" : {"station" : "A", "name" : "진안군", "address" : "전북 진안군 진안읍 진무로 1189", "year" : 2020}, "geometry" : {"type":"Point","coordinates":[127.434893,35.797308]}}, {"type" : "Feature", "properties" : {"station" : "C", "name" : "임실군", "address" : "전북 임실군 운암면 청운로 630-10", "year" : 2020}, "geometry" : {"type":"Point","coordinates":[127.186241,35.610488]}}, {"type" : "Feature", "properties" : {"station" : "A", "name" : "임실군", "address" : "전북 임실군 임실읍 봉황로 144", "year" : 2020}, "geometry" : {"type":"Point","coordinates":[127.279261,35.613451]}}, {"type" : "Feature", "properties" : {"station" : "A", "name" : "무주군", "address" : "전북 무주군 무주읍 향학로 49", "year" : 2020}, "geometry" : {"type":"Point","coordinates":[127.662049,36.008701]}}, {"type" : "Feature", "properties" : {"station" : "A", "name" : "순창군", "address" : "전북 순창군 순창읍 경천로 33 ", "year" : 2020}, "geometry" : {"type":"Point","coordinates":[127.137354,35.374525]}}, {"type" : "Feature", "properties" : {"station" : "A", "name" : "장수군", "address" : "전북 장수군 장수읍 호비로 10", "year" : 2020}, "geometry" : {"type":"Point","coordinates":[127.521255,35.647699]}}, {"type" : "Feature", "properties" : {"station" : "A", "name" : "서천군", "address" : "충남 서천군 서천읍 서천로 14번길 20 ", "year" : 2020}, "geometry" : {"type":"Point","coordinates":[126.698364,36.07634]}}, {"type" : "Feature", "properties" : {"station" : "A", "name" : "서천군", "address" : "충남 서천군 서면 서인로 761 ", "year" : 2020}, "geometry" : {"type":"Point","coordinates":[126.549426,36.152945]}}, {"type" : "Feature", "properties" : {"station" : "A", "name" : "서천군", "address" : "충남 서천군 장항읍 장산로 297 ", "year" : 2020}, "geometry" : {"type":"Point","coordinates":[126.693049,36.008365]}}, {"type" : "Feature", "properties" : {"station" : "A", "name" : "청송군", "address" : "경북 청송군 청송읍 금월로230 ", "year" : 2020}, "geometry" : {"type":"Point","coordinates":[129.056096,36.429297]}}, {"type" : "Feature", "properties" : {"station" : "C", "name" : "군산시", "address" : "전북 군산시 서해로 194 ", "year" : 2020}, "geometry" : {"type":"Point","coordinates":[126.587331,35.974732]}}, {"type" : "Feature", "properties" : {"station" : "A", "name" : "중구", "address" : "인천 중구 서해대로 471 ", "year" : 2020}, "geometry" : {"type":"Point","coordinates":[126.635029,37.468184]}}, {"type" : "Feature", "properties" : {"station" : "B", "name" : "중구", "address" : "인천 중구 항동7가 1-110", "year" : 2020}, "geometry" : {"type":"Point","coordinates":[126.631277,37.460708]}}, {"type" : "Feature", "properties" : {"station" : "A", "name" : "중구", "address" : "인천 중구 하늘중앙로 132 ", "year" : 2020}, "geometry" : {"type":"Point","coordinates":[126.563779,37.494731]}}, {"type" : "Feature", "properties" : {"station" : "A", "name" : "동구", "address" : "인천 동구 금곡로 67 ", "year" : 2020}, "geometry" : {"type":"Point","coordinates":[126.643117,37.473522]}}, {"type" : "Feature", "properties" : {"station" : "A", "name" : "남동구", "address" : "인천 남동구 구월말로 7 ", "year" : 2020}, "geometry" : {"type":"Point","coordinates":[126.724027,37.449627]}}, {"type" : "Feature", "properties" : {"station" : "A", "name" : "미추홀구", "address" : "인천 미추홀구 독정안길26 ", "year" : 2020}, "geometry" : {"type":"Point","coordinates":[126.657363,37.45952]}}, {"type" : "Feature", "properties" : {"station" : "B", "name" : "미추홀구", "address" : "인천 남구 주안6동 1587 석바위 삼거리", "year" : 2020}, "geometry" : {"type":"Point","coordinates":[126.691106,37.457998]}}, {"type" : "Feature", "properties" : {"station" : "B", "name" : "부평구", "address" : "인천 부평구 부평대로88번길 19 부평동초등학교 옥상", "year" : 2020}, "geometry" : {"type":"Point","coordinates":[126.723658,37.499936]}}, {"type" : "Feature", "properties" : {"station" : "B", "name" : "남동구", "address" : "인천 남동구 구월동 1544 도로변", "year" : 2020}, "geometry" : {"type":"Point","coordinates":[126.7068,37.4413]}}, {"type" : "Feature", "properties" : {"station" : "A", "name" : "미추홀구", "address" : "인천 미추홀구 구월남로 27 ", "year" : 2020}, "geometry" : {"type":"Point","coordinates":[126.69289,37.455531]}}, {"type" : "Feature", "properties" : {"station" : "A", "name" : "부평구", "address" : "인천 부평구 부평대로 88번길 19 ", "year" : 2020}, "geometry" : {"type":"Point","coordinates":[126.723658,37.499936]}}, {"type" : "Feature", "properties" : {"station" : "A", "name" : "서구", "address" : "인천 서구 심곡로 98", "year" : 2020}, "geometry" : {"type":"Point","coordinates":[126.68093,37.540481]}}, {"type" : "Feature", "properties" : {"station" : "A", "name" : "서구", "address" : "인천 서구 검단로 502번길 15", "year" : 2020}, "geometry" : {"type":"Point","coordinates":[126.66144,37.60204]}}, {"type" : "Feature", "properties" : {"station" : "B", "name" : "서구", "address" : "인천 서구 석남동 660-2", "year" : 2020}, "geometry" : {"type":"Point","coordinates":[126.64794,37.50353]}}, {"type" : "Feature", "properties" : {"station" : "A", "name" : "계양구", "address" : "인천 계양구 계양산로134번길 18 ", "year" : 2020}, "geometry" : {"type":"Point","coordinates":[126.730125,37.546048]}}, {"type" : "Feature", "properties" : {"station" : "A", "name" : "남동구", "address" : "인천 남동구 은봉로 82", "year" : 2020}, "geometry" : {"type":"Point","coordinates":[126.699361,37.409469]}}, {"type" : "Feature", "properties" : {"station" : "A", "name" : "남동구", "address" : "인천 남동구 서창동 681 ", "year" : 2020}, "geometry" : {"type":"Point","coordinates":[126.745983,37.427453]}}, {"type" : "Feature", "properties" : {"station" : "A", "name" : "서구", "address" : "인천 서구 거북로 116", "year" : 2020}, "geometry" : {"type":"Point","coordinates":[126.674587,37.502468]}}, {"type" : "Feature", "properties" : {"station" : "A", "name" : "강화군", "address" : "인천 강화군 송해면 전망대로 29", "year" : 2020}, "geometry" : {"type":"Point","coordinates":[126.463263,37.764688]}}, {"type" : "Feature", "properties" : {"station" : "A", "name" : "연수구", "address" : "인천 연수구 원인재로 115 ", "year" : 2020}, "geometry" : {"type":"Point","coordinates":[126.678296,37.410074]}}, {"type" : "Feature", "properties" : {"station" : "A", "name" : "중구", "address" : "인천 중구 영종대로 85 ", "year" : 2020}, "geometry" : {"type":"Point","coordinates":[126.488663,37.495614]}}, {"type" : "Feature", "properties" : {"station" : "B", "name" : "동구", "address" : "인천 동구 송현동 119 송현변전소 정문 앞", "year" : 2020}, "geometry" : {"type":"Point","coordinates":[126.635842,37.480691]}}, {"type" : "Feature", "properties" : {"station" : "A", "name" : "남동구", "address" : "인천 남동구 청능대로 611번길 15", "year" : 2020}, "geometry" : {"type":"Point","coordinates":[126.726465,37.402439]}}, {"type" : "Feature", "properties" : {"station" : "A", "name" : "서구", "address" : "인천 서구 크리스탈로 130", "year" : 2020}, "geometry" : {"type":"Point","coordinates":[126.6361,37.537]}}, {"type" : "Feature", "properties" : {"station" : "A", "name" : "연수구", "address" : "인천 연수구 갯벌로 12", "year" : 2020}, "geometry" : {"type":"Point","coordinates":[126.654678,37.382172]}}, {"type" : "Feature", "properties" : {"station" : "A", "name" : "연수구", "address" : "인천 연수구 센트럴로 350", "year" : 2020}, "geometry" : {"type":"Point","coordinates":[126.632811,37.405583]}}, {"type" : "Feature", "properties" : {"station" : "A", "name" : "서구", "address" : "인천 서구 고산후로 121번길 7 ", "year" : 2020}, "geometry" : {"type":"Point","coordinates":[126.698707,37.594442]}}, {"type" : "Feature", "properties" : {"station" : "A", "name" : "강화군", "address" : "인천 강화군 길상면 강화동로 15-1 ", "year" : 2020}, "geometry" : {"type":"Point","coordinates":[126.491239,37.640481]}}, {"type" : "Feature", "properties" : {"station" : "A", "name" : "부평구", "address" : "인천 부평구 삼산동 443-1", "year" : 2020}, "geometry" : {"type":"Point","coordinates":[126.736282,37.513164]}}, {"type" : "Feature", "properties" : {"station" : "C", "name" : "서구", "address" : "인천 서구 오류동 경인항", "year" : 2020}, "geometry" : {"type":"Point","coordinates":[126.59512,37.56646]}}, {"type" : "Feature", "properties" : {"station" : "C", "name" : "중구", "address" : "인천 중구 항동7가 1-48 ", "year" : 2020}, "geometry" : {"type":"Point","coordinates":[126.6269,37.46159]}}, {"type" : "Feature", "properties" : {"station" : "A", "name" : "부천시", "address" : "경기 부천시 경인옛로 73 ", "year" : 2020}, "geometry" : {"type":"Point","coordinates":[126.799951,37.480048]}}, {"type" : "Feature", "properties" : {"station" : "A", "name" : "부천시", "address" : "경기 부천시 삼작로 109 ", "year" : 2020}, "geometry" : {"type":"Point","coordinates":[126.77349,37.520413]}}, {"type" : "Feature", "properties" : {"station" : "A", "name" : "부천시", "address" : "경기 부천시 심중로 121 ", "year" : 2020}, "geometry" : {"type":"Point","coordinates":[126.770101,37.493969]}}, {"type" : "Feature", "properties" : {"station" : "A", "name" : "부천시", "address" : "경기 부천시 오정동 129", "year" : 2020}, "geometry" : {"type":"Point","coordinates":[126.796049,37.528052]}}, {"type" : "Feature", "properties" : {"station" : "B", "name" : "부천시", "address" : "경기 부천시 송내대로 262 계남공원사거리", "year" : 2020}, "geometry" : {"type":"Point","coordinates":[126.759,37.5057]}}, {"type" : "Feature", "properties" : {"station" : "C", "name" : "강화군", "address" : "인천 강화군 삼산면 석모리 산 347-4  ", "year" : 2020}, "geometry" : {"type":"Point","coordinates":[126.271727,37.710059]}}, {"type" : "Feature", "properties" : {"station" : "C", "name" : "옹진군", "address" : "인천 옹진군 덕적면 진리 산 35-4", "year" : 2020}, "geometry" : {"type":"Point","coordinates":[126.14927,37.23304]}}, {"type" : "Feature", "properties" : {"station" : "D", "name" : "옹진군", "address" : "인천 옹진군 백령면 연화리 산 241-2", "year" : 2020}, "geometry" : {"type":"Point","coordinates":[124.631004,37.96506]}}, {"type" : "Feature", "properties" : {"station" : "A", "name" : "옹진군", "address" : "인천 옹진군 영흥면 영흥로251번길 90", "year" : 2020}, "geometry" : {"type":"Point","coordinates":[126.483567,37.256012]}}, {"type" : "Feature", "properties" : {"station" : "D", "name" : "옹진군", "address" : "인천 인천 옹진군 연평면 연평로137번길 58", "year" : 2020}, "geometry" : {"type":"Point","coordinates":[125.700879,37.661731]}}, {"type" : "Feature", "properties" : {"station" : "D", "name" : "옹진군", "address" : "인천 옹진군 덕적면 울도리 85", "year" : 2020}, "geometry" : {"type":"Point","coordinates":[125.995611,37.025112]}}]}
