{"type" : "FeatureCollection", "features" : [{"type" : "Feature", "properties" : {"name" : "득량", "line" : "경전선"}, "geometry" : {"type":"Point","coordinates":[127.171064,34.761098]}}, {"type" : "Feature", "properties" : {"name" : "보성", "line" : "경전선"}, "geometry" : {"type":"Point","coordinates":[127.081887,34.766624]}}, {"type" : "Feature", "properties" : {"name" : "여천역(일반)", "line" : "전라선"}, "geometry" : {"type":"Point","coordinates":[127.663854,34.779127]}}, {"type" : "Feature", "properties" : {"name" : "여수엑스포(고속)", "line" : "KTX전라선"}, "geometry" : {"type":"Point","coordinates":[127.748993,34.75394]}}, {"type" : "Feature", "properties" : {"name" : "여수엑스포(일반)", "line" : "전라선"}, "geometry" : {"type":"Point","coordinates":[127.748692,34.754002]}}, {"type" : "Feature", "properties" : {"name" : "여천역(고속)", "line" : "KTX전라선"}, "geometry" : {"type":"Point","coordinates":[127.663889,34.779442]}}, {"type" : "Feature", "properties" : {"name" : "예당", "line" : "경전선"}, "geometry" : {"type":"Point","coordinates":[127.202291,34.778254]}}, {"type" : "Feature", "properties" : {"name" : "대불", "line" : "대불선"}, "geometry" : {"type":"Point","coordinates":[126.418482,34.773715]}}, {"type" : "Feature", "properties" : {"name" : "광곡", "line" : "경전선"}, "geometry" : {"type":"Point","coordinates":[127.073817,34.79624]}}, {"type" : "Feature", "properties" : {"name" : "목포역(일반)", "line" : "경전선"}, "geometry" : {"type":"Point","coordinates":[126.389433,34.795868]}}, {"type" : "Feature", "properties" : {"name" : "목포역(고속)", "line" : "KTX호남선"}, "geometry" : {"type":"Point","coordinates":[126.389702,34.795899]}}, {"type" : "Feature", "properties" : {"name" : "조성", "line" : "경전선"}, "geometry" : {"type":"Point","coordinates":[127.248394,34.806503]}}, {"type" : "Feature", "properties" : {"name" : "덕양", "line" : "KTX전라선"}, "geometry" : {"type":"Point","coordinates":[127.627667,34.812326]}}, {"type" : "Feature", "properties" : {"name" : "흥국사", "line" : "여천선"}, "geometry" : {"type":"Point","coordinates":[127.676549,34.816519]}}, {"type" : "Feature", "properties" : {"name" : "임성리", "line" : "KTX호남선"}, "geometry" : {"type":"Point","coordinates":[126.436204,34.820361]}}, {"type" : "Feature", "properties" : {"name" : "명봉", "line" : "경전선"}, "geometry" : {"type":"Point","coordinates":[127.075382,34.828404]}}, {"type" : "Feature", "properties" : {"name" : "구룡(경전)", "line" : "경전선"}, "geometry" : {"type":"Point","coordinates":[127.416149,34.841746]}}, {"type" : "Feature", "properties" : {"name" : "벌교", "line" : "경전선"}, "geometry" : {"type":"Point","coordinates":[127.345793,34.841803]}}, {"type" : "Feature", "properties" : {"name" : "적량", "line" : "여천선"}, "geometry" : {"type":"Point","coordinates":[127.711101,34.856651]}}, {"type" : "Feature", "properties" : {"name" : "일로", "line" : "KTX호남선"}, "geometry" : {"type":"Point","coordinates":[126.477307,34.848324]}}, {"type" : "Feature", "properties" : {"name" : "원창", "line" : "경전선"}, "geometry" : {"type":"Point","coordinates":[127.447388,34.864071]}}, {"type" : "Feature", "properties" : {"name" : "율촌", "line" : "KTX전라선"}, "geometry" : {"type":"Point","coordinates":[127.576413,34.875299]}}, {"type" : "Feature", "properties" : {"name" : "이양", "line" : "경전선"}, "geometry" : {"type":"Point","coordinates":[126.990165,34.890755]}}, {"type" : "Feature", "properties" : {"name" : "신광양항", "line" : "신광양항선"}, "geometry" : {"type":"Point","coordinates":[127.655929,34.90289]}}, {"type" : "Feature", "properties" : {"name" : "광양항", "line" : "광양항선"}, "geometry" : {"type":"Point","coordinates":[127.685453,34.922362]}}, {"type" : "Feature", "properties" : {"name" : "성산", "line" : "KTX전라선"}, "geometry" : {"type":"Point","coordinates":[127.546136,34.924901]}}, {"type" : "Feature", "properties" : {"name" : "태금", "line" : "광양제철선"}, "geometry" : {"type":"Point","coordinates":[127.718499,34.930037]}}, {"type" : "Feature", "properties" : {"name" : "몽탄", "line" : "KTX호남선"}, "geometry" : {"type":"Point","coordinates":[126.50389,34.929653]}}, {"type" : "Feature", "properties" : {"name" : "순천역(고속)", "line" : "KTX전라선"}, "geometry" : {"type":"Point","coordinates":[127.504193,34.946296]}}, {"type" : "Feature", "properties" : {"name" : "순천역(일반)", "line" : "경전선"}, "geometry" : {"type":"Point","coordinates":[127.502489,34.946477]}}, {"type" : "Feature", "properties" : {"name" : "광양", "line" : "경전선"}, "geometry" : {"type":"Point","coordinates":[127.587629,34.956227]}}, {"type" : "Feature", "properties" : {"name" : "무안", "line" : "KTX호남선"}, "geometry" : {"type":"Point","coordinates":[126.517541,34.962429]}}, {"type" : "Feature", "properties" : {"name" : "능주", "line" : "경전선"}, "geometry" : {"type":"Point","coordinates":[126.964466,34.985304]}}, {"type" : "Feature", "properties" : {"name" : "동운", "line" : "KTX전라선"}, "geometry" : {"type":"Point","coordinates":[127.479123,35.0082]}}, {"type" : "Feature", "properties" : {"name" : "진상", "line" : "경전선"}, "geometry" : {"type":"Point","coordinates":[127.719838,35.016385]}}, {"type" : "Feature", "properties" : {"name" : "나주역(일반)", "line" : "경전선"}, "geometry" : {"type":"Point","coordinates":[126.717469,35.013575]}}, {"type" : "Feature", "properties" : {"name" : "나주역(고속)", "line" : "KTX호남선"}, "geometry" : {"type":"Point","coordinates":[126.717235,35.013783]}}, {"type" : "Feature", "properties" : {"name" : "다시", "line" : "KTX호남선"}, "geometry" : {"type":"Point","coordinates":[126.641102,35.016334]}}, {"type" : "Feature", "properties" : {"name" : "개운", "line" : "KTX전라선"}, "geometry" : {"type":"Point","coordinates":[127.45302,35.027263]}}, {"type" : "Feature", "properties" : {"name" : "고막원", "line" : "KTX호남선"}, "geometry" : {"type":"Point","coordinates":[126.608123,35.024292]}}, {"type" : "Feature", "properties" : {"name" : "함평", "line" : "KTX호남선"}, "geometry" : {"type":"Point","coordinates":[126.539281,35.023589]}}, {"type" : "Feature", "properties" : {"name" : "다대포해수욕장", "line" : "부산1호선"}, "geometry" : {"type":"Point","coordinates":[128.966034,35.048234]}}, {"type" : "Feature", "properties" : {"name" : "화순", "line" : "경전선"}, "geometry" : {"type":"Point","coordinates":[126.962535,35.051144]}}, {"type" : "Feature", "properties" : {"name" : "다대포항", "line" : "부산1호선"}, "geometry" : {"type":"Point","coordinates":[128.971317,35.057535]}}, {"type" : "Feature", "properties" : {"name" : "남평", "line" : "경전선"}, "geometry" : {"type":"Point","coordinates":[126.871813,35.057252]}}, {"type" : "Feature", "properties" : {"name" : "하동", "line" : "경전선"}, "geometry" : {"type":"Point","coordinates":[127.761225,35.063212]}}, {"type" : "Feature", "properties" : {"name" : "낫개", "line" : "부산1호선"}, "geometry" : {"type":"Point","coordinates":[128.979633,35.065161]}}, {"type" : "Feature", "properties" : {"name" : "노안", "line" : "KTX호남선"}, "geometry" : {"type":"Point","coordinates":[126.742695,35.066446]}}, {"type" : "Feature", "properties" : {"name" : "신장림", "line" : "부산1호선"}, "geometry" : {"type":"Point","coordinates":[128.976711,35.074828]}}, {"type" : "Feature", "properties" : {"name" : "남철송장", "line" : "경전선"}, "geometry" : {"type":"Point","coordinates":[128.835014,35.078527]}}, {"type" : "Feature", "properties" : {"name" : "북철송장", "line" : "경전선"}, "geometry" : {"type":"Point","coordinates":[128.819055,35.083012]}}, {"type" : "Feature", "properties" : {"name" : "장림", "line" : "부산1호선"}, "geometry" : {"type":"Point","coordinates":[128.977367,35.08221]}}, {"type" : "Feature", "properties" : {"name" : "동매", "line" : "부산1호선"}, "geometry" : {"type":"Point","coordinates":[128.97352,35.089857]}}, {"type" : "Feature", "properties" : {"name" : "괴목", "line" : "KTX전라선"}, "geometry" : {"type":"Point","coordinates":[127.427686,35.096112]}}, {"type" : "Feature", "properties" : {"name" : "신평", "line" : "부산1호선"}, "geometry" : {"type":"Point","coordinates":[128.960763,35.095263]}}, {"type" : "Feature", "properties" : {"name" : "자갈치", "line" : "부산1호선"}, "geometry" : {"type":"Point","coordinates":[129.026162,35.097207]}}, {"type" : "Feature", "properties" : {"name" : "남포(부산1)", "line" : "부산1호선"}, "geometry" : {"type":"Point","coordinates":[129.034895,35.097885]}}, {"type" : "Feature", "properties" : {"name" : "횡천", "line" : "경전선"}, "geometry" : {"type":"Point","coordinates":[127.803252,35.102356]}}, {"type" : "Feature", "properties" : {"name" : "사하", "line" : "부산1호선"}, "geometry" : {"type":"Point","coordinates":[128.98334,35.099754]}}, {"type" : "Feature", "properties" : {"name" : "괴정", "line" : "부산1호선"}, "geometry" : {"type":"Point","coordinates":[128.992508,35.099878]}}, {"type" : "Feature", "properties" : {"name" : "대티", "line" : "부산1호선"}, "geometry" : {"type":"Point","coordinates":[129.0002,35.103269]}}, {"type" : "Feature", "properties" : {"name" : "당리", "line" : "부산1호선"}, "geometry" : {"type":"Point","coordinates":[128.973586,35.103592]}}, {"type" : "Feature", "properties" : {"name" : "토성", "line" : "부산1호선"}, "geometry" : {"type":"Point","coordinates":[129.019988,35.103487]}}, {"type" : "Feature", "properties" : {"name" : "중앙(부산1)", "line" : "부산1호선"}, "geometry" : {"type":"Point","coordinates":[129.036253,35.105011]}}, {"type" : "Feature", "properties" : {"name" : "효천", "line" : "경전선"}, "geometry" : {"type":"Point","coordinates":[126.877734,35.104545]}}, {"type" : "Feature", "properties" : {"name" : "하단", "line" : "부산1호선"}, "geometry" : {"type":"Point","coordinates":[128.966956,35.106151]}}, {"type" : "Feature", "properties" : {"name" : "녹동(광주1)", "line" : "광주1호선"}, "geometry" : {"type":"Point","coordinates":[126.934422,35.106719]}}, {"type" : "Feature", "properties" : {"name" : "북천", "line" : "경전선"}, "geometry" : {"type":"Point","coordinates":[127.888565,35.111693]}}, {"type" : "Feature", "properties" : {"name" : "신선대", "line" : "우암선"}, "geometry" : {"type":"Point","coordinates":[129.083517,35.108124]}}, {"type" : "Feature", "properties" : {"name" : "동대신", "line" : "부산1호선"}, "geometry" : {"type":"Point","coordinates":[129.017922,35.110039]}}, {"type" : "Feature", "properties" : {"name" : "서대신", "line" : "부산1호선"}, "geometry" : {"type":"Point","coordinates":[129.012145,35.110867]}}, {"type" : "Feature", "properties" : {"name" : "부산신항", "line" : "부산신항선"}, "geometry" : {"type":"Point","coordinates":[128.846314,35.114831]}}, {"type" : "Feature", "properties" : {"name" : "부산역(부산1)", "line" : "부산1호선"}, "geometry" : {"type":"Point","coordinates":[129.039248,35.114381]}}, {"type" : "Feature", "properties" : {"name" : "부산역(일반)", "line" : "경부선"}, "geometry" : {"type":"Point","coordinates":[129.041562,35.115156]}}, {"type" : "Feature", "properties" : {"name" : "부산역(고속)", "line" : "KTX경부선"}, "geometry" : {"type":"Point","coordinates":[129.042833,35.115154]}}, {"type" : "Feature", "properties" : {"name" : "초량", "line" : "부산1호선"}, "geometry" : {"type":"Point","coordinates":[129.042989,35.121166]}}, {"type" : "Feature", "properties" : {"name" : "소태", "line" : "광주1호선"}, "geometry" : {"type":"Point","coordinates":[126.932331,35.123584]}}, {"type" : "Feature", "properties" : {"name" : "우암", "line" : "우암선"}, "geometry" : {"type":"Point","coordinates":[129.074425,35.124644]}}, {"type" : "Feature", "properties" : {"name" : "서광주", "line" : "경전선"}, "geometry" : {"type":"Point","coordinates":[126.847169,35.124792]}}, {"type" : "Feature", "properties" : {"name" : "평동", "line" : "광주1호선"}, "geometry" : {"type":"Point","coordinates":[126.768262,35.124829]}}, {"type" : "Feature", "properties" : {"name" : "부산진(부산1)", "line" : "부산1호선"}, "geometry" : {"type":"Point","coordinates":[129.048706,35.128564]}}, {"type" : "Feature", "properties" : {"name" : "완사", "line" : "경전선"}, "geometry" : {"type":"Point","coordinates":[127.977286,35.134351]}}, {"type" : "Feature", "properties" : {"name" : "부산진", "line" : "KTX경부선"}, "geometry" : {"type":"Point","coordinates":[129.051942,35.130173]}}, {"type" : "Feature", "properties" : {"name" : "도산", "line" : "광주1호선"}, "geometry" : {"type":"Point","coordinates":[126.78771,35.131636]}}, {"type" : "Feature", "properties" : {"name" : "학동.증심사 입구", "line" : "광주1호선"}, "geometry" : {"type":"Point","coordinates":[126.928131,35.133191]}}, {"type" : "Feature", "properties" : {"name" : "좌천(부산1)", "line" : "부산1호선"}, "geometry" : {"type":"Point","coordinates":[129.053928,35.133848]}}, {"type" : "Feature", "properties" : {"name" : "못골", "line" : "부산2호선"}, "geometry" : {"type":"Point","coordinates":[129.084095,35.134677]}}, {"type" : "Feature", "properties" : {"name" : "대연", "line" : "부산2호선"}, "geometry" : {"type":"Point","coordinates":[129.091892,35.135104]}}, {"type" : "Feature", "properties" : {"name" : "지게골", "line" : "부산2호선"}, "geometry" : {"type":"Point","coordinates":[129.074386,35.135539]}}, {"type" : "Feature", "properties" : {"name" : "경성대.부경대", "line" : "부산2호선"}, "geometry" : {"type":"Point","coordinates":[129.100084,35.1374]}}, {"type" : "Feature", "properties" : {"name" : "광주송정역(광주1)", "line" : "광주1호선"}, "geometry" : {"type":"Point","coordinates":[126.791396,35.137543]}}, {"type" : "Feature", "properties" : {"name" : "문현", "line" : "부산2호선"}, "geometry" : {"type":"Point","coordinates":[129.067335,35.139012]}}, {"type" : "Feature", "properties" : {"name" : "광주송정역(일반)", "line" : "경전선"}, "geometry" : {"type":"Point","coordinates":[126.790636,35.138037]}}, {"type" : "Feature", "properties" : {"name" : "광주송정역(고속)", "line" : "KTX호남선"}, "geometry" : {"type":"Point","coordinates":[126.790152,35.138153]}}, {"type" : "Feature", "properties" : {"name" : "남광주", "line" : "광주1호선"}, "geometry" : {"type":"Point","coordinates":[126.922859,35.139415]}}, {"type" : "Feature", "properties" : {"name" : "범일역(부산1)", "line" : "부산1호선"}, "geometry" : {"type":"Point","coordinates":[129.059335,35.141621]}}, {"type" : "Feature", "properties" : {"name" : "남천", "line" : "부산2호선"}, "geometry" : {"type":"Point","coordinates":[129.108017,35.142176]}}, {"type" : "Feature", "properties" : {"name" : "김대중컨벤션센터", "line" : "광주1호선"}, "geometry" : {"type":"Point","coordinates":[126.841264,35.143222]}}, {"type" : "Feature", "properties" : {"name" : "송정공원", "line" : "광주1호선"}, "geometry" : {"type":"Point","coordinates":[126.799191,35.143645]}}, {"type" : "Feature", "properties" : {"name" : "공항(광주1)", "line" : "광주1호선"}, "geometry" : {"type":"Point","coordinates":[126.811567,35.143992]}}, {"type" : "Feature", "properties" : {"name" : "진주역(고속)", "line" : "KTX경전선"}, "geometry" : {"type":"Point","coordinates":[128.118643,35.149906]}}, {"type" : "Feature", "properties" : {"name" : "범일역(일반)", "line" : "KTX경부선"}, "geometry" : {"type":"Point","coordinates":[129.057287,35.145412]}}, {"type" : "Feature", "properties" : {"name" : "국제금융센터.부산은행", "line" : "부산2호선"}, "geometry" : {"type":"Point","coordinates":[129.066743,35.145573]}}, {"type" : "Feature", "properties" : {"name" : "진주역(일반)", "line" : "경부선"}, "geometry" : {"type":"Point","coordinates":[128.118518,35.150222]}}, {"type" : "Feature", "properties" : {"name" : "봉덕", "line" : "KTX전라선"}, "geometry" : {"type":"Point","coordinates":[127.461596,35.150028]}}, {"type" : "Feature", "properties" : {"name" : "문화전당", "line" : "광주1호선"}, "geometry" : {"type":"Point","coordinates":[126.919816,35.146657]}}, {"type" : "Feature", "properties" : {"name" : "범내골", "line" : "부산1호선"}, "geometry" : {"type":"Point","coordinates":[129.059224,35.147285]}}, {"type" : "Feature", "properties" : {"name" : "상무", "line" : "광주1호선"}, "geometry" : {"type":"Point","coordinates":[126.848708,35.146741]}}, {"type" : "Feature", "properties" : {"name" : "주례", "line" : "부산2호선"}, "geometry" : {"type":"Point","coordinates":[129.002854,35.150469]}}, {"type" : "Feature", "properties" : {"name" : "금남로4가", "line" : "광주1호선"}, "geometry" : {"type":"Point","coordinates":[126.915235,35.150159]}}, {"type" : "Feature", "properties" : {"name" : "금련산", "line" : "부산2호선"}, "geometry" : {"type":"Point","coordinates":[129.111098,35.150283]}}, {"type" : "Feature", "properties" : {"name" : "진해", "line" : "진해선"}, "geometry" : {"type":"Point","coordinates":[128.66012,35.153623]}}, {"type" : "Feature", "properties" : {"name" : "냉정", "line" : "부산2호선"}, "geometry" : {"type":"Point","coordinates":[129.011661,35.151219]}}, {"type" : "Feature", "properties" : {"name" : "통해", "line" : "진해선"}, "geometry" : {"type":"Point","coordinates":[128.640102,35.153921]}}, {"type" : "Feature", "properties" : {"name" : "운천(광주1)", "line" : "광주1호선"}, "geometry" : {"type":"Point","coordinates":[126.858676,35.150519]}}, {"type" : "Feature", "properties" : {"name" : "쌍촌", "line" : "광주1호선"}, "geometry" : {"type":"Point","coordinates":[126.869548,35.151569]}}, {"type" : "Feature", "properties" : {"name" : "돌고개", "line" : "광주1호선"}, "geometry" : {"type":"Point","coordinates":[126.895564,35.151878]}}, {"type" : "Feature", "properties" : {"name" : "화정(광주1)", "line" : "광주1호선"}, "geometry" : {"type":"Point","coordinates":[126.87671,35.151964]}}, {"type" : "Feature", "properties" : {"name" : "전포", "line" : "부산2호선"}, "geometry" : {"type":"Point","coordinates":[129.065529,35.152837]}}, {"type" : "Feature", "properties" : {"name" : "개금", "line" : "부산2호선"}, "geometry" : {"type":"Point","coordinates":[129.020424,35.153301]}}, {"type" : "Feature", "properties" : {"name" : "동의대", "line" : "부산2호선"}, "geometry" : {"type":"Point","coordinates":[129.032327,35.153881]}}, {"type" : "Feature", "properties" : {"name" : "농성", "line" : "광주1호선"}, "geometry" : {"type":"Point","coordinates":[126.883703,35.153287]}}, {"type" : "Feature", "properties" : {"name" : "금남로5가", "line" : "광주1호선"}, "geometry" : {"type":"Point","coordinates":[126.909927,35.153723]}}, {"type" : "Feature", "properties" : {"name" : "양동시장", "line" : "광주1호선"}, "geometry" : {"type":"Point","coordinates":[126.901359,35.154363]}}, {"type" : "Feature", "properties" : {"name" : "감전", "line" : "부산2호선"}, "geometry" : {"type":"Point","coordinates":[128.991043,35.155654]}}, {"type" : "Feature", "properties" : {"name" : "가야역(부산2)", "line" : "부산2호선"}, "geometry" : {"type":"Point","coordinates":[129.043483,35.156028]}}, {"type" : "Feature", "properties" : {"name" : "경화", "line" : "진해선"}, "geometry" : {"type":"Point","coordinates":[128.686974,35.159189]}}, {"type" : "Feature", "properties" : {"name" : "부암", "line" : "부산2호선"}, "geometry" : {"type":"Point","coordinates":[129.050097,35.157369]}}, {"type" : "Feature", "properties" : {"name" : "서면역(부산2)", "line" : "부산2호선"}, "geometry" : {"type":"Point","coordinates":[129.058628,35.157654]}}, {"type" : "Feature", "properties" : {"name" : "광안", "line" : "부산2호선"}, "geometry" : {"type":"Point","coordinates":[129.11307,35.157248]}}, {"type" : "Feature", "properties" : {"name" : "서면역(부산1)", "line" : "부산1호선"}, "geometry" : {"type":"Point","coordinates":[129.05949,35.158226]}}, {"type" : "Feature", "properties" : {"name" : "구례구역(고속)", "line" : "KTX전라선"}, "geometry" : {"type":"Point","coordinates":[127.452504,35.163005]}}, {"type" : "Feature", "properties" : {"name" : "구례구역(일반)", "line" : "전라선"}, "geometry" : {"type":"Point","coordinates":[127.452679,35.163098]}}, {"type" : "Feature", "properties" : {"name" : "가야역(일반)", "line" : "경부선"}, "geometry" : {"type":"Point","coordinates":[129.039621,35.160466]}}, {"type" : "Feature", "properties" : {"name" : "사상역(김해)", "line" : "부산김해경전"}, "geometry" : {"type":"Point","coordinates":[128.986232,35.162365]}}, {"type" : "Feature", "properties" : {"name" : "사상역(일반)", "line" : "KTX경부선"}, "geometry" : {"type":"Point","coordinates":[128.988808,35.162568]}}, {"type" : "Feature", "properties" : {"name" : "부전역(부산1)", "line" : "부산1호선"}, "geometry" : {"type":"Point","coordinates":[129.062503,35.161962]}}, {"type" : "Feature", "properties" : {"name" : "사상역(부산2)", "line" : "부산2호선"}, "geometry" : {"type":"Point","coordinates":[128.984435,35.162695]}}, {"type" : "Feature", "properties" : {"name" : "괘법르네시떼", "line" : "부산김해경전"}, "geometry" : {"type":"Point","coordinates":[128.978791,35.163129]}}, {"type" : "Feature", "properties" : {"name" : "동백(부산2)", "line" : "부산2호선"}, "geometry" : {"type":"Point","coordinates":[129.147728,35.161649]}}, {"type" : "Feature", "properties" : {"name" : "부전역(일반)", "line" : "KTX경부선"}, "geometry" : {"type":"Point","coordinates":[129.059013,35.163861]}}, {"type" : "Feature", "properties" : {"name" : "부전역(동해)", "line" : "동해선"}, "geometry" : {"type":"Point","coordinates":[129.059679,35.164051]}}, {"type" : "Feature", "properties" : {"name" : "해운대", "line" : "부산2호선"}, "geometry" : {"type":"Point","coordinates":[129.158896,35.163628]}}, {"type" : "Feature", "properties" : {"name" : "서부산유통지구", "line" : "부산김해경전"}, "geometry" : {"type":"Point","coordinates":[128.954816,35.166387]}}, {"type" : "Feature", "properties" : {"name" : "광주", "line" : "광주~광주송정"}, "geometry" : {"type":"Point","coordinates":[126.909409,35.165791]}}, {"type" : "Feature", "properties" : {"name" : "수영역(부산2)", "line" : "부산2호선"}, "geometry" : {"type":"Point","coordinates":[129.11495,35.166274]}}, {"type" : "Feature", "properties" : {"name" : "중동(부산2)", "line" : "부산2호선"}, "geometry" : {"type":"Point","coordinates":[129.167948,35.166682]}}, {"type" : "Feature", "properties" : {"name" : "민락", "line" : "부산2호선"}, "geometry" : {"type":"Point","coordinates":[129.121901,35.167241]}}, {"type" : "Feature", "properties" : {"name" : "수영역(부산3)", "line" : "부산3호선"}, "geometry" : {"type":"Point","coordinates":[129.114866,35.16757]}}, {"type" : "Feature", "properties" : {"name" : "센텀시티", "line" : "부산2호선"}, "geometry" : {"type":"Point","coordinates":[129.131836,35.168955]}}, {"type" : "Feature", "properties" : {"name" : "벡스코역(부산2)", "line" : "부산2호선"}, "geometry" : {"type":"Point","coordinates":[129.138828,35.16898]}}, {"type" : "Feature", "properties" : {"name" : "반성", "line" : "KTX경전선"}, "geometry" : {"type":"Point","coordinates":[128.258024,35.17479]}}, {"type" : "Feature", "properties" : {"name" : "공항", "line" : "부산김해경전"}, "geometry" : {"type":"Point","coordinates":[128.948561,35.17188]}}, {"type" : "Feature", "properties" : {"name" : "장산", "line" : "부산2호선"}, "geometry" : {"type":"Point","coordinates":[129.176847,35.169895]}}, {"type" : "Feature", "properties" : {"name" : "망미", "line" : "부산3호선"}, "geometry" : {"type":"Point","coordinates":[129.108844,35.171388]}}, {"type" : "Feature", "properties" : {"name" : "벡스코역(동해)", "line" : "경부선"}, "geometry" : {"type":"Point","coordinates":[129.136019,35.171565]}}, {"type" : "Feature", "properties" : {"name" : "양정(부산1)", "line" : "부산1호선"}, "geometry" : {"type":"Point","coordinates":[129.071232,35.172933]}}, {"type" : "Feature", "properties" : {"name" : "덕포", "line" : "부산2호선"}, "geometry" : {"type":"Point","coordinates":[128.983977,35.173968]}}, {"type" : "Feature", "properties" : {"name" : "배산", "line" : "부산3호선"}, "geometry" : {"type":"Point","coordinates":[129.095818,35.173452]}}, {"type" : "Feature", "properties" : {"name" : "하남", "line" : "KTX호남선"}, "geometry" : {"type":"Point","coordinates":[126.796251,35.174562]}}, {"type" : "Feature", "properties" : {"name" : "극락강", "line" : "광주~광주송정"}, "geometry" : {"type":"Point","coordinates":[126.829305,35.175425]}}, {"type" : "Feature", "properties" : {"name" : "물만골", "line" : "부산3호선"}, "geometry" : {"type":"Point","coordinates":[129.085836,35.176251]}}, {"type" : "Feature", "properties" : {"name" : "시청(연제)", "line" : "부산1호선"}, "geometry" : {"type":"Point","coordinates":[129.076251,35.179312]}}, {"type" : "Feature", "properties" : {"name" : "센텀역(일반)", "line" : "경부선"}, "geometry" : {"type":"Point","coordinates":[129.124685,35.179455]}}, {"type" : "Feature", "properties" : {"name" : "모덕", "line" : "부산2호선"}, "geometry" : {"type":"Point","coordinates":[128.985695,35.180944]}}, {"type" : "Feature", "properties" : {"name" : "센텀역(동해)", "line" : "동해선"}, "geometry" : {"type":"Point","coordinates":[129.124097,35.179739]}}, {"type" : "Feature", "properties" : {"name" : "덕두", "line" : "부산김해경전"}, "geometry" : {"type":"Point","coordinates":[128.954129,35.181957]}}, {"type" : "Feature", "properties" : {"name" : "거제해맞이", "line" : "경부선"}, "geometry" : {"type":"Point","coordinates":[129.068951,35.181322]}}, {"type" : "Feature", "properties" : {"name" : "신해운대역(동해)", "line" : "동해선"}, "geometry" : {"type":"Point","coordinates":[129.176652,35.181823]}}, {"type" : "Feature", "properties" : {"name" : "신해운대역(일반)", "line" : "경부선"}, "geometry" : {"type":"Point","coordinates":[129.176719,35.18195]}}, {"type" : "Feature", "properties" : {"name" : "성주사", "line" : "진해선"}, "geometry" : {"type":"Point","coordinates":[128.692134,35.187982]}}, {"type" : "Feature", "properties" : {"name" : "연산역(부산1)", "line" : "부산1호선"}, "geometry" : {"type":"Point","coordinates":[129.081402,35.185779]}}, {"type" : "Feature", "properties" : {"name" : "연산역(부산3)", "line" : "부산3호선"}, "geometry" : {"type":"Point","coordinates":[129.081894,35.18584]}}, {"type" : "Feature", "properties" : {"name" : "모라", "line" : "부산2호선"}, "geometry" : {"type":"Point","coordinates":[128.988404,35.189228]}}, {"type" : "Feature", "properties" : {"name" : "거제역(부산3)", "line" : "부산3호선"}, "geometry" : {"type":"Point","coordinates":[129.07404,35.188528]}}, {"type" : "Feature", "properties" : {"name" : "재송", "line" : "경부선"}, "geometry" : {"type":"Point","coordinates":[129.120083,35.188114]}}, {"type" : "Feature", "properties" : {"name" : "송정", "line" : "경전선"}, "geometry" : {"type":"Point","coordinates":[129.202017,35.187695]}}, {"type" : "Feature", "properties" : {"name" : "거제역(동해)", "line" : "경부선"}, "geometry" : {"type":"Point","coordinates":[129.074373,35.189671]}}, {"type" : "Feature", "properties" : {"name" : "종합운동장", "line" : "부산3호선"}, "geometry" : {"type":"Point","coordinates":[129.067421,35.191075]}}, {"type" : "Feature", "properties" : {"name" : "교대역(동해)", "line" : "경부선"}, "geometry" : {"type":"Point","coordinates":[129.079355,35.193631]}}, {"type" : "Feature", "properties" : {"name" : "압록", "line" : "KTX전라선"}, "geometry" : {"type":"Point","coordinates":[127.373742,35.198119]}}, {"type" : "Feature", "properties" : {"name" : "등구", "line" : "부산김해경전"}, "geometry" : {"type":"Point","coordinates":[128.963506,35.196182]}}, {"type" : "Feature", "properties" : {"name" : "교대역(부산1)", "line" : "부산1호선"}, "geometry" : {"type":"Point","coordinates":[129.07999,35.195655]}}, {"type" : "Feature", "properties" : {"name" : "구남", "line" : "부산2호선"}, "geometry" : {"type":"Point","coordinates":[128.994799,35.196642]}}, {"type" : "Feature", "properties" : {"name" : "안락", "line" : "경부선"}, "geometry" : {"type":"Point","coordinates":[129.104061,35.19588]}}, {"type" : "Feature", "properties" : {"name" : "오시리아", "line" : "경전선"}, "geometry" : {"type":"Point","coordinates":[129.207972,35.196035]}}, {"type" : "Feature", "properties" : {"name" : "동래(동해선)", "line" : "경부선"}, "geometry" : {"type":"Point","coordinates":[129.091285,35.197207]}}, {"type" : "Feature", "properties" : {"name" : "사직", "line" : "부산3호선"}, "geometry" : {"type":"Point","coordinates":[129.064924,35.199105]}}, {"type" : "Feature", "properties" : {"name" : "충렬사", "line" : "부산4호선"}, "geometry" : {"type":"Point","coordinates":[129.097623,35.199793]}}, {"type" : "Feature", "properties" : {"name" : "남창원", "line" : "진해선"}, "geometry" : {"type":"Point","coordinates":[128.658806,35.203101]}}, {"type" : "Feature", "properties" : {"name" : "낙민", "line" : "부산4호선"}, "geometry" : {"type":"Point","coordinates":[129.090838,35.20022]}}, {"type" : "Feature", "properties" : {"name" : "수안", "line" : "부산4호선"}, "geometry" : {"type":"Point","coordinates":[129.083835,35.201695]}}, {"type" : "Feature", "properties" : {"name" : "구명", "line" : "부산2호선"}, "geometry" : {"type":"Point","coordinates":[128.99945,35.202707]}}, {"type" : "Feature", "properties" : {"name" : "구포역(일반)", "line" : "경부선"}, "geometry" : {"type":"Point","coordinates":[128.997508,35.205107]}}, {"type" : "Feature", "properties" : {"name" : "구포역(고속)", "line" : "KTX경부선"}, "geometry" : {"type":"Point","coordinates":[128.997149,35.205351]}}, {"type" : "Feature", "properties" : {"name" : "동래역(부산4)", "line" : "부산4호선"}, "geometry" : {"type":"Point","coordinates":[129.077267,35.204741]}}, {"type" : "Feature", "properties" : {"name" : "미남역(부산3)", "line" : "부산3호선"}, "geometry" : {"type":"Point","coordinates":[129.068105,35.205539]}}, {"type" : "Feature", "properties" : {"name" : "명장", "line" : "부산4호선"}, "geometry" : {"type":"Point","coordinates":[129.101797,35.205265]}}, {"type" : "Feature", "properties" : {"name" : "동래역(부산1)", "line" : "부산1호선"}, "geometry" : {"type":"Point","coordinates":[129.078461,35.205808]}}, {"type" : "Feature", "properties" : {"name" : "구포역(부산3)", "line" : "부산3호선"}, "geometry" : {"type":"Point","coordinates":[128.997053,35.20682]}}, {"type" : "Feature", "properties" : {"name" : "미남역(부산4)", "line" : "부산4호선"}, "geometry" : {"type":"Point","coordinates":[129.068933,35.206702]}}, {"type" : "Feature", "properties" : {"name" : "장유", "line" : "부산신항선"}, "geometry" : {"type":"Point","coordinates":[128.822103,35.210202]}}, {"type" : "Feature", "properties" : {"name" : "덕천역(부산3)", "line" : "부산3호선"}, "geometry" : {"type":"Point","coordinates":[129.005878,35.210242]}}, {"type" : "Feature", "properties" : {"name" : "덕천역(부산2)", "line" : "부산2호선"}, "geometry" : {"type":"Point","coordinates":[129.005075,35.21068]}}, {"type" : "Feature", "properties" : {"name" : "강서구청", "line" : "부산3호선"}, "geometry" : {"type":"Point","coordinates":[128.981604,35.21112]}}, {"type" : "Feature", "properties" : {"name" : "체육공원", "line" : "부산3호선"}, "geometry" : {"type":"Point","coordinates":[128.969379,35.212493]}}, {"type" : "Feature", "properties" : {"name" : "숙등", "line" : "부산3호선"}, "geometry" : {"type":"Point","coordinates":[129.013881,35.212201]}}, {"type" : "Feature", "properties" : {"name" : "대저역(김해)", "line" : "부산김해경전"}, "geometry" : {"type":"Point","coordinates":[128.960591,35.213049]}}, {"type" : "Feature", "properties" : {"name" : "대저역(부산3)", "line" : "부산3호선"}, "geometry" : {"type":"Point","coordinates":[128.960932,35.213328]}}, {"type" : "Feature", "properties" : {"name" : "만덕", "line" : "부산3호선"}, "geometry" : {"type":"Point","coordinates":[129.036532,35.212954]}}, {"type" : "Feature", "properties" : {"name" : "명륜", "line" : "부산1호선"}, "geometry" : {"type":"Point","coordinates":[129.079918,35.212597]}}, {"type" : "Feature", "properties" : {"name" : "남산정", "line" : "부산3호선"}, "geometry" : {"type":"Point","coordinates":[129.02429,35.213332]}}, {"type" : "Feature", "properties" : {"name" : "평강", "line" : "부산김해경전"}, "geometry" : {"type":"Point","coordinates":[128.950755,35.213977]}}, {"type" : "Feature", "properties" : {"name" : "서동", "line" : "부산4호선"}, "geometry" : {"type":"Point","coordinates":[129.107534,35.213176]}}, {"type" : "Feature", "properties" : {"name" : "금사", "line" : "부산4호선"}, "geometry" : {"type":"Point","coordinates":[129.11514,35.215806]}}, {"type" : "Feature", "properties" : {"name" : "대사", "line" : "부산김해경전"}, "geometry" : {"type":"Point","coordinates":[128.938421,35.217621]}}, {"type" : "Feature", "properties" : {"name" : "반여농산물시장", "line" : "부산4호선"}, "geometry" : {"type":"Point","coordinates":[129.123976,35.217715]}}, {"type" : "Feature", "properties" : {"name" : "석대", "line" : "부산4호선"}, "geometry" : {"type":"Point","coordinates":[129.136965,35.218154]}}, {"type" : "Feature", "properties" : {"name" : "임곡", "line" : "KTX호남선"}, "geometry" : {"type":"Point","coordinates":[126.745519,35.217753]}}, {"type" : "Feature", "properties" : {"name" : "온천장", "line" : "부산1호선"}, "geometry" : {"type":"Point","coordinates":[129.086618,35.22022]}}, {"type" : "Feature", "properties" : {"name" : "불암", "line" : "부산김해경전"}, "geometry" : {"type":"Point","coordinates":[128.927935,35.222108]}}, {"type" : "Feature", "properties" : {"name" : "수정", "line" : "부산2호선"}, "geometry" : {"type":"Point","coordinates":[129.0094,35.22354]}}, {"type" : "Feature", "properties" : {"name" : "부원", "line" : "부산김해경전"}, "geometry" : {"type":"Point","coordinates":[128.883922,35.226508]}}, {"type" : "Feature", "properties" : {"name" : "김해시청", "line" : "부산김해경전"}, "geometry" : {"type":"Point","coordinates":[128.890422,35.227073]}}, {"type" : "Feature", "properties" : {"name" : "봉황", "line" : "부산김해경전"}, "geometry" : {"type":"Point","coordinates":[128.873989,35.22731]}}, {"type" : "Feature", "properties" : {"name" : "지내", "line" : "부산김해경전"}, "geometry" : {"type":"Point","coordinates":[128.923815,35.227421]}}, {"type" : "Feature", "properties" : {"name" : "영산대", "line" : "부산4호선"}, "geometry" : {"type":"Point","coordinates":[129.146186,35.225674]}}, {"type" : "Feature", "properties" : {"name" : "인제대", "line" : "부산김해경전"}, "geometry" : {"type":"Point","coordinates":[128.901762,35.228059]}}, {"type" : "Feature", "properties" : {"name" : "김해대학", "line" : "부산김해경전"}, "geometry" : {"type":"Point","coordinates":[128.915546,35.229039]}}, {"type" : "Feature", "properties" : {"name" : "부산대", "line" : "부산1호선"}, "geometry" : {"type":"Point","coordinates":[129.089478,35.229595]}}, {"type" : "Feature", "properties" : {"name" : "신창원", "line" : "진해선"}, "geometry" : {"type":"Point","coordinates":[128.639793,35.23318]}}, {"type" : "Feature", "properties" : {"name" : "수로왕릉", "line" : "부산김해경전"}, "geometry" : {"type":"Point","coordinates":[128.872059,35.232724]}}, {"type" : "Feature", "properties" : {"name" : "마산역(일반)", "line" : "경부선"}, "geometry" : {"type":"Point","coordinates":[128.576765,35.236269]}}, {"type" : "Feature", "properties" : {"name" : "동부산대학", "line" : "부산4호선"}, "geometry" : {"type":"Point","coordinates":[129.153979,35.232483]}}, {"type" : "Feature", "properties" : {"name" : "마산역(고속)", "line" : "KTX경전선"}, "geometry" : {"type":"Point","coordinates":[128.576446,35.23663]}}, {"type" : "Feature", "properties" : {"name" : "화명", "line" : "KTX경부선"}, "geometry" : {"type":"Point","coordinates":[129.007871,35.235136]}}, {"type" : "Feature", "properties" : {"name" : "화명(부산2)", "line" : "부산2호선"}, "geometry" : {"type":"Point","coordinates":[129.0139,35.23536]}}, {"type" : "Feature", "properties" : {"name" : "고촌", "line" : "부산4호선"}, "geometry" : {"type":"Point","coordinates":[129.160365,35.236005]}}, {"type" : "Feature", "properties" : {"name" : "안평(부산4)", "line" : "부산4호선"}, "geometry" : {"type":"Point","coordinates":[129.171773,35.237328]}}, {"type" : "Feature", "properties" : {"name" : "박물관", "line" : "부산김해경전"}, "geometry" : {"type":"Point","coordinates":[128.871767,35.239964]}}, {"type" : "Feature", "properties" : {"name" : "장전", "line" : "부산1호선"}, "geometry" : {"type":"Point","coordinates":[129.088193,35.23822]}}, {"type" : "Feature", "properties" : {"name" : "창원중앙역(일반)", "line" : "경부선"}, "geometry" : {"type":"Point","coordinates":[128.70155,35.242675]}}, {"type" : "Feature", "properties" : {"name" : "창원중앙역(고속)", "line" : "KTX경전선"}, "geometry" : {"type":"Point","coordinates":[128.701732,35.242744]}}, {"type" : "Feature", "properties" : {"name" : "안평기지간이승강장", "line" : "반송차량기지"}, "geometry" : {"type":"Point","coordinates":[129.176488,35.240692]}}, {"type" : "Feature", "properties" : {"name" : "기장역(일반)", "line" : "경전선"}, "geometry" : {"type":"Point","coordinates":[129.218988,35.243722]}}, {"type" : "Feature", "properties" : {"name" : "함안", "line" : "KTX경전선"}, "geometry" : {"type":"Point","coordinates":[128.424695,35.249345]}}, {"type" : "Feature", "properties" : {"name" : "율리", "line" : "부산2호선"}, "geometry" : {"type":"Point","coordinates":[129.012948,35.246312]}}, {"type" : "Feature", "properties" : {"name" : "기장역(동해)", "line" : "동해선"}, "geometry" : {"type":"Point","coordinates":[129.218818,35.244631]}}, {"type" : "Feature", "properties" : {"name" : "중리", "line" : "KTX경전선"}, "geometry" : {"type":"Point","coordinates":[128.518533,35.250024]}}, {"type" : "Feature", "properties" : {"name" : "구서", "line" : "부산1호선"}, "geometry" : {"type":"Point","coordinates":[129.091256,35.247173]}}, {"type" : "Feature", "properties" : {"name" : "군북", "line" : "KTX경전선"}, "geometry" : {"type":"Point","coordinates":[128.35183,35.252103]}}, {"type" : "Feature", "properties" : {"name" : "연지공원", "line" : "부산김해경전"}, "geometry" : {"type":"Point","coordinates":[128.869223,35.249624]}}, {"type" : "Feature", "properties" : {"name" : "창원역(일반)", "line" : "경부선"}, "geometry" : {"type":"Point","coordinates":[128.606757,35.257546]}}, {"type" : "Feature", "properties" : {"name" : "창원역(고속)", "line" : "KTX경전선"}, "geometry" : {"type":"Point","coordinates":[128.606222,35.257937]}}, {"type" : "Feature", "properties" : {"name" : "두실", "line" : "부산1호선"}, "geometry" : {"type":"Point","coordinates":[129.091408,35.257148]}}, {"type" : "Feature", "properties" : {"name" : "장신대", "line" : "부산김해경전"}, "geometry" : {"type":"Point","coordinates":[128.867318,35.259538]}}, {"type" : "Feature", "properties" : {"name" : "동원", "line" : "부산2호선"}, "geometry" : {"type":"Point","coordinates":[129.012911,35.25885]}}, {"type" : "Feature", "properties" : {"name" : "진례", "line" : "KTX경전선"}, "geometry" : {"type":"Point","coordinates":[128.762735,35.266538]}}, {"type" : "Feature", "properties" : {"name" : "가야대", "line" : "부산김해경전"}, "geometry" : {"type":"Point","coordinates":[128.865173,35.266793]}}, {"type" : "Feature", "properties" : {"name" : "남산", "line" : "부산1호선"}, "geometry" : {"type":"Point","coordinates":[129.092449,35.265174]}}, {"type" : "Feature", "properties" : {"name" : "금곡(부산2)", "line" : "부산2호선"}, "geometry" : {"type":"Point","coordinates":[129.017077,35.267177]}}, {"type" : "Feature", "properties" : {"name" : "일광", "line" : "경전선"}, "geometry" : {"type":"Point","coordinates":[129.232998,35.266491]}}, {"type" : "Feature", "properties" : {"name" : "범어사", "line" : "부산1호선"}, "geometry" : {"type":"Point","coordinates":[129.092677,35.273071]}}, {"type" : "Feature", "properties" : {"name" : "덕산", "line" : "경전선"}, "geometry" : {"type":"Point","coordinates":[128.688526,35.281502]}}, {"type" : "Feature", "properties" : {"name" : "호포", "line" : "부산2호선"}, "geometry" : {"type":"Point","coordinates":[129.01699,35.280574]}}, {"type" : "Feature", "properties" : {"name" : "곡성역(일반)", "line" : "전라선"}, "geometry" : {"type":"Point","coordinates":[127.304187,35.28361]}}, {"type" : "Feature", "properties" : {"name" : "곡성역(고속)", "line" : "KTX전라선"}, "geometry" : {"type":"Point","coordinates":[127.303882,35.283704]}}, {"type" : "Feature", "properties" : {"name" : "노포", "line" : "부산1호선"}, "geometry" : {"type":"Point","coordinates":[129.09458,35.282765]}}, {"type" : "Feature", "properties" : {"name" : "진영역(일반)", "line" : "경부선"}, "geometry" : {"type":"Point","coordinates":[128.773723,35.29864]}}, {"type" : "Feature", "properties" : {"name" : "진영역(고속)", "line" : "KTX경전선"}, "geometry" : {"type":"Point","coordinates":[128.773405,35.298762]}}, {"type" : "Feature", "properties" : {"name" : "장성역(일반)", "line" : "경전선"}, "geometry" : {"type":"Point","coordinates":[126.779847,35.299239]}}, {"type" : "Feature", "properties" : {"name" : "양산화물", "line" : "양산화물선"}, "geometry" : {"type":"Point","coordinates":[129.011888,35.30333]}}, {"type" : "Feature", "properties" : {"name" : "물금", "line" : "KTX경부선"}, "geometry" : {"type":"Point","coordinates":[128.985136,35.306838]}}, {"type" : "Feature", "properties" : {"name" : "증산(부산)", "line" : "부산2호선"}, "geometry" : {"type":"Point","coordinates":[129.010295,35.308326]}}, {"type" : "Feature", "properties" : {"name" : "좌천", "line" : "경전선"}, "geometry" : {"type":"Point","coordinates":[129.244595,35.311289]}}, {"type" : "Feature", "properties" : {"name" : "부산대양산캠퍼스", "line" : "부산2호선"}, "geometry" : {"type":"Point","coordinates":[129.014212,35.317016]}}, {"type" : "Feature", "properties" : {"name" : "장성화물", "line" : "장성화물선"}, "geometry" : {"type":"Point","coordinates":[126.75325,35.317472]}}, {"type" : "Feature", "properties" : {"name" : "한림정", "line" : "KTX경전선"}, "geometry" : {"type":"Point","coordinates":[128.80384,35.322371]}}, {"type" : "Feature", "properties" : {"name" : "남양산", "line" : "부산2호선"}, "geometry" : {"type":"Point","coordinates":[129.019512,35.32536]}}, {"type" : "Feature", "properties" : {"name" : "금지", "line" : "KTX전라선"}, "geometry" : {"type":"Point","coordinates":[127.289969,35.328743]}}, {"type" : "Feature", "properties" : {"name" : "월내", "line" : "경전선"}, "geometry" : {"type":"Point","coordinates":[129.276003,35.326915]}}, {"type" : "Feature", "properties" : {"name" : "안평", "line" : "KTX호남선"}, "geometry" : {"type":"Point","coordinates":[126.779859,35.332543]}}, {"type" : "Feature", "properties" : {"name" : "양산", "line" : "부산2호선"}, "geometry" : {"type":"Point","coordinates":[129.026391,35.338774]}}, {"type" : "Feature", "properties" : {"name" : "서생", "line" : "경전선"}, "geometry" : {"type":"Point","coordinates":[129.293167,35.346168]}}, {"type" : "Feature", "properties" : {"name" : "옹정", "line" : "KTX전라선"}, "geometry" : {"type":"Point","coordinates":[127.298066,35.361032]}}, {"type" : "Feature", "properties" : {"name" : "원동", "line" : "KTX경부선"}, "geometry" : {"type":"Point","coordinates":[128.91968,35.363396]}}, {"type" : "Feature", "properties" : {"name" : "주생", "line" : "KTX전라선"}, "geometry" : {"type":"Point","coordinates":[127.31721,35.376586]}}, {"type" : "Feature", "properties" : {"name" : "낙동강", "line" : "KTX경전선"}, "geometry" : {"type":"Point","coordinates":[128.832401,35.389806]}}, {"type" : "Feature", "properties" : {"name" : "삼랑진", "line" : "KTX경부선"}, "geometry" : {"type":"Point","coordinates":[128.84344,35.398909]}}, {"type" : "Feature", "properties" : {"name" : "남원역(고속)", "line" : "KTX전라선"}, "geometry" : {"type":"Point","coordinates":[127.360578,35.411174]}}, {"type" : "Feature", "properties" : {"name" : "남원역(일반)", "line" : "전라선"}, "geometry" : {"type":"Point","coordinates":[127.361465,35.412237]}}, {"type" : "Feature", "properties" : {"name" : "남창", "line" : "경전선"}, "geometry" : {"type":"Point","coordinates":[129.283165,35.418367]}}, {"type" : "Feature", "properties" : {"name" : "온산", "line" : "온산선"}, "geometry" : {"type":"Point","coordinates":[129.351079,35.426717]}}, {"type" : "Feature", "properties" : {"name" : "백양사", "line" : "KTX호남선"}, "geometry" : {"type":"Point","coordinates":[126.808105,35.431719]}}, {"type" : "Feature", "properties" : {"name" : "산성", "line" : "KTX전라선"}, "geometry" : {"type":"Point","coordinates":[127.362593,35.440323]}}, {"type" : "Feature", "properties" : {"name" : "밀양역(고속)", "line" : "KTX경부선"}, "geometry" : {"type":"Point","coordinates":[128.771228,35.474674]}}, {"type" : "Feature", "properties" : {"name" : "밀양역(일반)", "line" : "경부선"}, "geometry" : {"type":"Point","coordinates":[128.771442,35.474976]}}, {"type" : "Feature", "properties" : {"name" : "서도", "line" : "KTX전라선"}, "geometry" : {"type":"Point","coordinates":[127.331645,35.491343]}}, {"type" : "Feature", "properties" : {"name" : "노령", "line" : "KTX호남선"}, "geometry" : {"type":"Point","coordinates":[126.799935,35.488649]}}, {"type" : "Feature", "properties" : {"name" : "덕하", "line" : "경전선"}, "geometry" : {"type":"Point","coordinates":[129.305212,35.49569]}}, {"type" : "Feature", "properties" : {"name" : "장생포", "line" : "장생포선"}, "geometry" : {"type":"Point","coordinates":[129.351454,35.508464]}}, {"type" : "Feature", "properties" : {"name" : "울산항", "line" : "울산항선"}, "geometry" : {"type":"Point","coordinates":[129.37509,35.510793]}}, {"type" : "Feature", "properties" : {"name" : "천원", "line" : "KTX호남선"}, "geometry" : {"type":"Point","coordinates":[126.819298,35.525651]}}, {"type" : "Feature", "properties" : {"name" : "오수", "line" : "KTX전라선"}, "geometry" : {"type":"Point","coordinates":[127.320271,35.54313]}}, {"type" : "Feature", "properties" : {"name" : "태화강", "line" : "경전선"}, "geometry" : {"type":"Point","coordinates":[129.355037,35.539551]}}, {"type" : "Feature", "properties" : {"name" : "울산", "line" : "KTX경부선"}, "geometry" : {"type":"Point","coordinates":[129.138278,35.55069]}}, {"type" : "Feature", "properties" : {"name" : "상동", "line" : "KTX경부선"}, "geometry" : {"type":"Point","coordinates":[128.76074,35.556374]}}, {"type" : "Feature", "properties" : {"name" : "효문", "line" : "경전선"}, "geometry" : {"type":"Point","coordinates":[129.361766,35.569577]}}, {"type" : "Feature", "properties" : {"name" : "정읍역(일반)", "line" : "경전선"}, "geometry" : {"type":"Point","coordinates":[126.842696,35.575667]}}, {"type" : "Feature", "properties" : {"name" : "정읍역(고속)", "line" : "KTX호남선"}, "geometry" : {"type":"Point","coordinates":[126.842154,35.575927]}}, {"type" : "Feature", "properties" : {"name" : "봉천(전라)", "line" : "KTX전라선"}, "geometry" : {"type":"Point","coordinates":[127.314203,35.579741]}}, {"type" : "Feature", "properties" : {"name" : "신거", "line" : "KTX경부선"}, "geometry" : {"type":"Point","coordinates":[128.76611,35.599113]}}, {"type" : "Feature", "properties" : {"name" : "호계", "line" : "경전선"}, "geometry" : {"type":"Point","coordinates":[129.353898,35.622675]}}, {"type" : "Feature", "properties" : {"name" : "임실", "line" : "KTX전라선"}, "geometry" : {"type":"Point","coordinates":[127.290332,35.633098]}}, {"type" : "Feature", "properties" : {"name" : "청도", "line" : "KTX경부선"}, "geometry" : {"type":"Point","coordinates":[128.745927,35.640354]}}, {"type" : "Feature", "properties" : {"name" : "초강", "line" : "KTX호남선"}, "geometry" : {"type":"Point","coordinates":[126.87753,35.640951]}}, {"type" : "Feature", "properties" : {"name" : "관촌", "line" : "KTX전라선"}, "geometry" : {"type":"Point","coordinates":[127.276858,35.662324]}}, {"type" : "Feature", "properties" : {"name" : "모화", "line" : "경전선"}, "geometry" : {"type":"Point","coordinates":[129.332452,35.682819]}}, {"type" : "Feature", "properties" : {"name" : "신태인", "line" : "KTX호남선"}, "geometry" : {"type":"Point","coordinates":[126.884258,35.687838]}}, {"type" : "Feature", "properties" : {"name" : "남성현", "line" : "KTX경부선"}, "geometry" : {"type":"Point","coordinates":[128.716836,35.705103]}}, {"type" : "Feature", "properties" : {"name" : "입실", "line" : "경전선"}, "geometry" : {"type":"Point","coordinates":[129.322025,35.715612]}}, {"type" : "Feature", "properties" : {"name" : "죽림온천", "line" : "KTX전라선"}, "geometry" : {"type":"Point","coordinates":[127.229093,35.7331]}}, {"type" : "Feature", "properties" : {"name" : "감곡", "line" : "KTX호남선"}, "geometry" : {"type":"Point","coordinates":[126.897564,35.733169]}}, {"type" : "Feature", "properties" : {"name" : "죽동", "line" : "경전선"}, "geometry" : {"type":"Point","coordinates":[129.314739,35.745201]}}, {"type" : "Feature", "properties" : {"name" : "삼성", "line" : "KTX경부선"}, "geometry" : {"type":"Point","coordinates":[128.722289,35.763343]}}, {"type" : "Feature", "properties" : {"name" : "신리", "line" : "KTX전라선"}, "geometry" : {"type":"Point","coordinates":[127.208543,35.771312]}}, {"type" : "Feature", "properties" : {"name" : "불국사", "line" : "경전선"}, "geometry" : {"type":"Point","coordinates":[129.296213,35.7765]}}, {"type" : "Feature", "properties" : {"name" : "김제역(일반)", "line" : "경전선"}, "geometry" : {"type":"Point","coordinates":[126.904227,35.79288]}}, {"type" : "Feature", "properties" : {"name" : "설화명곡", "line" : "대구1호선"}, "geometry" : {"type":"Point","coordinates":[128.489316,35.798712]}}, {"type" : "Feature", "properties" : {"name" : "신경주", "line" : "KTX경부선"}, "geometry" : {"type":"Point","coordinates":[129.139374,35.798408]}}, {"type" : "Feature", "properties" : {"name" : "화원", "line" : "대구1호선"}, "geometry" : {"type":"Point","coordinates":[128.50124,35.804706]}}, {"type" : "Feature", "properties" : {"name" : "대곡(대구1)", "line" : "대구1호선"}, "geometry" : {"type":"Point","coordinates":[128.512271,35.809376]}}, {"type" : "Feature", "properties" : {"name" : "진천", "line" : "대구1호선"}, "geometry" : {"type":"Point","coordinates":[128.522653,35.813862]}}, {"type" : "Feature", "properties" : {"name" : "월배", "line" : "대구1호선"}, "geometry" : {"type":"Point","coordinates":[128.531111,35.816524]}}, {"type" : "Feature", "properties" : {"name" : "용지", "line" : "대구3호선"}, "geometry" : {"type":"Point","coordinates":[128.646657,35.818252]}}, {"type" : "Feature", "properties" : {"name" : "상인", "line" : "대구1호선"}, "geometry" : {"type":"Point","coordinates":[128.537828,35.818993]}}, {"type" : "Feature", "properties" : {"name" : "경산역(일반)", "line" : "경부선"}, "geometry" : {"type":"Point","coordinates":[128.727368,35.81993]}}, {"type" : "Feature", "properties" : {"name" : "경산역(고속)", "line" : "KTX경부선"}, "geometry" : {"type":"Point","coordinates":[128.726764,35.820148]}}, {"type" : "Feature", "properties" : {"name" : "범물", "line" : "대구3호선"}, "geometry" : {"type":"Point","coordinates":[128.640062,35.820769]}}, {"type" : "Feature", "properties" : {"name" : "월촌", "line" : "대구1호선"}, "geometry" : {"type":"Point","coordinates":[128.54549,35.823709]}}, {"type" : "Feature", "properties" : {"name" : "지산", "line" : "대구3호선"}, "geometry" : {"type":"Point","coordinates":[128.631898,35.825185]}}, {"type" : "Feature", "properties" : {"name" : "송현", "line" : "대구1호선"}, "geometry" : {"type":"Point","coordinates":[128.551927,35.831268]}}, {"type" : "Feature", "properties" : {"name" : "모량", "line" : "KTX동해선"}, "geometry" : {"type":"Point","coordinates":[129.124011,35.827346]}}, {"type" : "Feature", "properties" : {"name" : "수성못", "line" : "대구3호선"}, "geometry" : {"type":"Point","coordinates":[128.6232,35.831357]}}, {"type" : "Feature", "properties" : {"name" : "정평", "line" : "대구2호선"}, "geometry" : {"type":"Point","coordinates":[128.728546,35.834069]}}, {"type" : "Feature", "properties" : {"name" : "임당", "line" : "대구2호선"}, "geometry" : {"type":"Point","coordinates":[128.741022,35.834146]}}, {"type" : "Feature", "properties" : {"name" : "영남대", "line" : "대구2호선"}, "geometry" : {"type":"Point","coordinates":[128.752886,35.836308]}}, {"type" : "Feature", "properties" : {"name" : "서부정류장", "line" : "대구1호선"}, "geometry" : {"type":"Point","coordinates":[128.557394,35.837457]}}, {"type" : "Feature", "properties" : {"name" : "사월", "line" : "대구2호선"}, "geometry" : {"type":"Point","coordinates":[128.715697,35.836952]}}, {"type" : "Feature", "properties" : {"name" : "안지랑", "line" : "대구1호선"}, "geometry" : {"type":"Point","coordinates":[128.574298,35.839183]}}, {"type" : "Feature", "properties" : {"name" : "대명", "line" : "대구1호선"}, "geometry" : {"type":"Point","coordinates":[128.564601,35.839244]}}, {"type" : "Feature", "properties" : {"name" : "황금", "line" : "대구3호선"}, "geometry" : {"type":"Point","coordinates":[128.624071,35.839356]}}, {"type" : "Feature", "properties" : {"name" : "현충로", "line" : "대구1호선"}, "geometry" : {"type":"Point","coordinates":[128.58171,35.841095]}}, {"type" : "Feature", "properties" : {"name" : "신매", "line" : "대구2호선"}, "geometry" : {"type":"Point","coordinates":[128.70486,35.840866]}}, {"type" : "Feature", "properties" : {"name" : "대공원", "line" : "대구2호선"}, "geometry" : {"type":"Point","coordinates":[128.680144,35.842679]}}, {"type" : "Feature", "properties" : {"name" : "고산", "line" : "대구2호선"}, "geometry" : {"type":"Point","coordinates":[128.692852,35.842979]}}, {"type" : "Feature", "properties" : {"name" : "영대병원", "line" : "대구1호선"}, "geometry" : {"type":"Point","coordinates":[128.588561,35.844425]}}, {"type" : "Feature", "properties" : {"name" : "어린이회관", "line" : "대구3호선"}, "geometry" : {"type":"Point","coordinates":[128.624555,35.845475]}}, {"type" : "Feature", "properties" : {"name" : "연호", "line" : "대구2호선"}, "geometry" : {"type":"Point","coordinates":[128.670139,35.847378]}}, {"type" : "Feature", "properties" : {"name" : "용산(대구2)", "line" : "대구2호선"}, "geometry" : {"type":"Point","coordinates":[128.527606,35.848916]}}, {"type" : "Feature", "properties" : {"name" : "경주", "line" : "경전선"}, "geometry" : {"type":"Point","coordinates":[129.218956,35.845098]}}, {"type" : "Feature", "properties" : {"name" : "죽전(대구2)", "line" : "대구2호선"}, "geometry" : {"type":"Point","coordinates":[128.537241,35.850224]}}, {"type" : "Feature", "properties" : {"name" : "이곡", "line" : "대구2호선"}, "geometry" : {"type":"Point","coordinates":[128.51577,35.850754]}}, {"type" : "Feature", "properties" : {"name" : "계명대", "line" : "대구2호선"}, "geometry" : {"type":"Point","coordinates":[128.491882,35.851376]}}, {"type" : "Feature", "properties" : {"name" : "교대(대구)", "line" : "대구1호선"}, "geometry" : {"type":"Point","coordinates":[128.590557,35.85097]}}, {"type" : "Feature", "properties" : {"name" : "와룡", "line" : "KTX호남선"}, "geometry" : {"type":"Point","coordinates":[126.941244,35.848019]}}, {"type" : "Feature", "properties" : {"name" : "전주역(고속)", "line" : "KTX전라선"}, "geometry" : {"type":"Point","coordinates":[127.162556,35.849893]}}, {"type" : "Feature", "properties" : {"name" : "전주역(일반)", "line" : "전라선"}, "geometry" : {"type":"Point","coordinates":[127.162052,35.849949]}}, {"type" : "Feature", "properties" : {"name" : "성서산단", "line" : "대구2호선"}, "geometry" : {"type":"Point","coordinates":[128.507179,35.851818]}}, {"type" : "Feature", "properties" : {"name" : "강창", "line" : "대구2호선"}, "geometry" : {"type":"Point","coordinates":[128.478113,35.853016]}}, {"type" : "Feature", "properties" : {"name" : "수성구민운동장", "line" : "대구3호선"}, "geometry" : {"type":"Point","coordinates":[128.624991,35.852763]}}, {"type" : "Feature", "properties" : {"name" : "가천", "line" : "KTX경부선"}, "geometry" : {"type":"Point","coordinates":[128.694153,35.853563]}}, {"type" : "Feature", "properties" : {"name" : "감삼", "line" : "대구2호선"}, "geometry" : {"type":"Point","coordinates":[128.548163,35.854379]}}, {"type" : "Feature", "properties" : {"name" : "수성시장", "line" : "대구3호선"}, "geometry" : {"type":"Point","coordinates":[128.616254,35.85433]}}, {"type" : "Feature", "properties" : {"name" : "대봉교", "line" : "대구3호선"}, "geometry" : {"type":"Point","coordinates":[128.606147,35.855007]}}, {"type" : "Feature", "properties" : {"name" : "담티", "line" : "대구2호선"}, "geometry" : {"type":"Point","coordinates":[128.653865,35.85489]}}, {"type" : "Feature", "properties" : {"name" : "건들바위", "line" : "대구3호선"}, "geometry" : {"type":"Point","coordinates":[128.599373,35.85543]}}, {"type" : "Feature", "properties" : {"name" : "남산(대구)", "line" : "대구3호선"}, "geometry" : {"type":"Point","coordinates":[128.583288,35.856634]}}, {"type" : "Feature", "properties" : {"name" : "대실", "line" : "대구2호선"}, "geometry" : {"type":"Point","coordinates":[128.465463,35.857292]}}, {"type" : "Feature", "properties" : {"name" : "명덕역(대구3)", "line" : "대구3호선"}, "geometry" : {"type":"Point","coordinates":[128.590385,35.857001]}}, {"type" : "Feature", "properties" : {"name" : "두류", "line" : "대구2호선"}, "geometry" : {"type":"Point","coordinates":[128.557509,35.857777]}}, {"type" : "Feature", "properties" : {"name" : "명덕역(대구1)", "line" : "대구1호선"}, "geometry" : {"type":"Point","coordinates":[128.591116,35.85793]}}, {"type" : "Feature", "properties" : {"name" : "건천", "line" : "대구선"}, "geometry" : {"type":"Point","coordinates":[129.096705,35.854377]}}, {"type" : "Feature", "properties" : {"name" : "고모", "line" : "KTX경부선"}, "geometry" : {"type":"Point","coordinates":[128.678797,35.858524]}}, {"type" : "Feature", "properties" : {"name" : "수성구청", "line" : "대구2호선"}, "geometry" : {"type":"Point","coordinates":[128.635761,35.858839]}}, {"type" : "Feature", "properties" : {"name" : "만촌", "line" : "대구2호선"}, "geometry" : {"type":"Point","coordinates":[128.64437,35.85891]}}, {"type" : "Feature", "properties" : {"name" : "범어", "line" : "대구2호선"}, "geometry" : {"type":"Point","coordinates":[128.62459,35.859242]}}, {"type" : "Feature", "properties" : {"name" : "내당", "line" : "대구2호선"}, "geometry" : {"type":"Point","coordinates":[128.564689,35.860025]}}, {"type" : "Feature", "properties" : {"name" : "대구은행", "line" : "대구2호선"}, "geometry" : {"type":"Point","coordinates":[128.614117,35.859797]}}, {"type" : "Feature", "properties" : {"name" : "반고개", "line" : "대구2호선"}, "geometry" : {"type":"Point","coordinates":[128.572405,35.862035]}}, {"type" : "Feature", "properties" : {"name" : "금강", "line" : "대구선"}, "geometry" : {"type":"Point","coordinates":[128.737685,35.862118]}}, {"type" : "Feature", "properties" : {"name" : "경대병원", "line" : "대구2호선"}, "geometry" : {"type":"Point","coordinates":[128.602619,35.863229]}}, {"type" : "Feature", "properties" : {"name" : "문양", "line" : "대구2호선"}, "geometry" : {"type":"Point","coordinates":[128.437165,35.863989]}}, {"type" : "Feature", "properties" : {"name" : "청라언덕역(대구3)", "line" : "대구3호선"}, "geometry" : {"type":"Point","coordinates":[128.582365,35.864221]}}, {"type" : "Feature", "properties" : {"name" : "다사", "line" : "대구2호선"}, "geometry" : {"type":"Point","coordinates":[128.458325,35.864871]}}, {"type" : "Feature", "properties" : {"name" : "반월당역(대구1)", "line" : "대구1호선"}, "geometry" : {"type":"Point","coordinates":[128.593333,35.86445]}}, {"type" : "Feature", "properties" : {"name" : "청라언덕역(대구2)", "line" : "대구2호선"}, "geometry" : {"type":"Point","coordinates":[128.582499,35.864935]}}, {"type" : "Feature", "properties" : {"name" : "반월당역(대구2)", "line" : "대구2호선"}, "geometry" : {"type":"Point","coordinates":[128.594111,35.865373]}}, {"type" : "Feature", "properties" : {"name" : "반야월", "line" : "대구1호선"}, "geometry" : {"type":"Point","coordinates":[128.71355,35.86599]}}, {"type" : "Feature", "properties" : {"name" : "신기(대구1)", "line" : "대구1호선"}, "geometry" : {"type":"Point","coordinates":[128.701646,35.866748]}}, {"type" : "Feature", "properties" : {"name" : "북전주", "line" : "북전주선"}, "geometry" : {"type":"Point","coordinates":[127.098838,35.865745]}}, {"type" : "Feature", "properties" : {"name" : "각산", "line" : "대구1호선"}, "geometry" : {"type":"Point","coordinates":[128.723832,35.867866]}}, {"type" : "Feature", "properties" : {"name" : "서문시장", "line" : "대구3호선"}, "geometry" : {"type":"Point","coordinates":[128.582291,35.869681]}}, {"type" : "Feature", "properties" : {"name" : "율하", "line" : "대구1호선"}, "geometry" : {"type":"Point","coordinates":[128.692628,35.86996]}}, {"type" : "Feature", "properties" : {"name" : "중앙로(대구1)", "line" : "대구1호선"}, "geometry" : {"type":"Point","coordinates":[128.593998,35.871018]}}, {"type" : "Feature", "properties" : {"name" : "안심", "line" : "대구1호선"}, "geometry" : {"type":"Point","coordinates":[128.733451,35.871131]}}, {"type" : "Feature", "properties" : {"name" : "서경주", "line" : "대구선"}, "geometry" : {"type":"Point","coordinates":[129.200839,35.869129]}}, {"type" : "Feature", "properties" : {"name" : "신천", "line" : "대구1호선"}, "geometry" : {"type":"Point","coordinates":[128.617604,35.874619]}}, {"type" : "Feature", "properties" : {"name" : "달성공원", "line" : "대구3호선"}, "geometry" : {"type":"Point","coordinates":[128.582057,35.875628]}}, {"type" : "Feature", "properties" : {"name" : "대구역(일반)", "line" : "경부선"}, "geometry" : {"type":"Point","coordinates":[128.595502,35.87575]}}, {"type" : "Feature", "properties" : {"name" : "칠성시장", "line" : "대구1호선"}, "geometry" : {"type":"Point","coordinates":[128.605115,35.876192]}}, {"type" : "Feature", "properties" : {"name" : "대구역(대구1)", "line" : "대구1호선"}, "geometry" : {"type":"Point","coordinates":[128.597051,35.876356]}}, {"type" : "Feature", "properties" : {"name" : "용계", "line" : "대구1호선"}, "geometry" : {"type":"Point","coordinates":[128.681377,35.876306]}}, {"type" : "Feature", "properties" : {"name" : "동대구역(대구1)", "line" : "대구1호선"}, "geometry" : {"type":"Point","coordinates":[128.627973,35.877621]}}, {"type" : "Feature", "properties" : {"name" : "동산", "line" : "KTX전라선"}, "geometry" : {"type":"Point","coordinates":[127.085459,35.875977]}}, {"type" : "Feature", "properties" : {"name" : "부용", "line" : "KTX호남선"}, "geometry" : {"type":"Point","coordinates":[126.944175,35.876032]}}, {"type" : "Feature", "properties" : {"name" : "동대구역(일반)", "line" : "경부선"}, "geometry" : {"type":"Point","coordinates":[128.628592,35.879084]}}, {"type" : "Feature", "properties" : {"name" : "동대구역(고속)", "line" : "KTX경부선"}, "geometry" : {"type":"Point","coordinates":[128.62832,35.879709]}}, {"type" : "Feature", "properties" : {"name" : "방촌", "line" : "대구1호선"}, "geometry" : {"type":"Point","coordinates":[128.67015,35.879667]}}, {"type" : "Feature", "properties" : {"name" : "청천", "line" : "대구선"}, "geometry" : {"type":"Point","coordinates":[128.767915,35.879959]}}, {"type" : "Feature", "properties" : {"name" : "북구청", "line" : "대구3호선"}, "geometry" : {"type":"Point","coordinates":[128.581501,35.883851]}}, {"type" : "Feature", "properties" : {"name" : "해안", "line" : "대구1호선"}, "geometry" : {"type":"Point","coordinates":[128.659682,35.883569]}}, {"type" : "Feature", "properties" : {"name" : "동구청", "line" : "대구1호선"}, "geometry" : {"type":"Point","coordinates":[128.632188,35.884385]}}, {"type" : "Feature", "properties" : {"name" : "동촌", "line" : "대구1호선"}, "geometry" : {"type":"Point","coordinates":[128.650303,35.886194]}}, {"type" : "Feature", "properties" : {"name" : "아양교", "line" : "대구1호선"}, "geometry" : {"type":"Point","coordinates":[128.639473,35.887027]}}, {"type" : "Feature", "properties" : {"name" : "원대", "line" : "대구3호선"}, "geometry" : {"type":"Point","coordinates":[128.574288,35.887927]}}, {"type" : "Feature", "properties" : {"name" : "팔달시장", "line" : "대구3호선"}, "geometry" : {"type":"Point","coordinates":[128.567942,35.88884]}}, {"type" : "Feature", "properties" : {"name" : "만평", "line" : "대구3호선"}, "geometry" : {"type":"Point","coordinates":[128.561024,35.889869]}}, {"type" : "Feature", "properties" : {"name" : "나원", "line" : "경전선"}, "geometry" : {"type":"Point","coordinates":[129.216298,35.885989]}}, {"type" : "Feature", "properties" : {"name" : "공단", "line" : "대구3호선"}, "geometry" : {"type":"Point","coordinates":[128.553694,35.892039]}}, {"type" : "Feature", "properties" : {"name" : "아화", "line" : "대구선"}, "geometry" : {"type":"Point","coordinates":[129.050297,35.891071]}}, {"type" : "Feature", "properties" : {"name" : "팔달", "line" : "대구3호선"}, "geometry" : {"type":"Point","coordinates":[128.546668,35.897858]}}, {"type" : "Feature", "properties" : {"name" : "지천", "line" : "경부선"}, "geometry" : {"type":"Point","coordinates":[128.499778,35.898107]}}, {"type" : "Feature", "properties" : {"name" : "매천시장", "line" : "대구3호선"}, "geometry" : {"type":"Point","coordinates":[128.545749,35.90455]}}, {"type" : "Feature", "properties" : {"name" : "삼례", "line" : "KTX전라선"}, "geometry" : {"type":"Point","coordinates":[127.064925,35.905563]}}, {"type" : "Feature", "properties" : {"name" : "하양", "line" : "대구선"}, "geometry" : {"type":"Point","coordinates":[128.818863,35.909628]}}, {"type" : "Feature", "properties" : {"name" : "매천", "line" : "대구3호선"}, "geometry" : {"type":"Point","coordinates":[128.543364,35.912748]}}, {"type" : "Feature", "properties" : {"name" : "태전", "line" : "대구3호선"}, "geometry" : {"type":"Point","coordinates":[128.547456,35.919748]}}, {"type" : "Feature", "properties" : {"name" : "청령", "line" : "경전선"}, "geometry" : {"type":"Point","coordinates":[129.233268,35.916803]}}, {"type" : "Feature", "properties" : {"name" : "옥구", "line" : "옥구선"}, "geometry" : {"type":"Point","coordinates":[126.667306,35.91786]}}, {"type" : "Feature", "properties" : {"name" : "동익산", "line" : "KTX전라선"}, "geometry" : {"type":"Point","coordinates":[126.95687,35.921128]}}, {"type" : "Feature", "properties" : {"name" : "임포", "line" : "대구선"}, "geometry" : {"type":"Point","coordinates":[129.010394,35.922462]}}, {"type" : "Feature", "properties" : {"name" : "구암(대구)", "line" : "대구3호선"}, "geometry" : {"type":"Point","coordinates":[128.55039,35.925913]}}, {"type" : "Feature", "properties" : {"name" : "봉정", "line" : "대구선"}, "geometry" : {"type":"Point","coordinates":[128.909504,35.928095]}}, {"type" : "Feature", "properties" : {"name" : "칠곡운암", "line" : "대구3호선"}, "geometry" : {"type":"Point","coordinates":[128.554565,35.931538]}}, {"type" : "Feature", "properties" : {"name" : "금호(대구)", "line" : "대구선"}, "geometry" : {"type":"Point","coordinates":[128.868169,35.931461]}}, {"type" : "Feature", "properties" : {"name" : "동천(대구)", "line" : "대구3호선"}, "geometry" : {"type":"Point","coordinates":[128.556727,35.93772]}}, {"type" : "Feature", "properties" : {"name" : "사방", "line" : "경전선"}, "geometry" : {"type":"Point","coordinates":[129.232922,35.938433]}}, {"type" : "Feature", "properties" : {"name" : "팔거", "line" : "대구3호선"}, "geometry" : {"type":"Point","coordinates":[128.558482,35.944329]}}, {"type" : "Feature", "properties" : {"name" : "익산역(고속)", "line" : "KTX전라선"}, "geometry" : {"type":"Point","coordinates":[126.946336,35.941539]}}, {"type" : "Feature", "properties" : {"name" : "익산역(일반)", "line" : "경전선"}, "geometry" : {"type":"Point","coordinates":[126.945262,35.941692]}}, {"type" : "Feature", "properties" : {"name" : "대야", "line" : "장항선"}, "geometry" : {"type":"Point","coordinates":[126.823981,35.944593]}}, {"type" : "Feature", "properties" : {"name" : "학정", "line" : "대구3호선"}, "geometry" : {"type":"Point","coordinates":[128.559241,35.951635]}}, {"type" : "Feature", "properties" : {"name" : "신동화물", "line" : "신동화물선"}, "geometry" : {"type":"Point","coordinates":[128.44949,35.953436]}}, {"type" : "Feature", "properties" : {"name" : "신동", "line" : "경부선"}, "geometry" : {"type":"Point","coordinates":[128.486083,35.955433]}}, {"type" : "Feature", "properties" : {"name" : "칠곡경대병원", "line" : "대구3호선"}, "geometry" : {"type":"Point","coordinates":[128.559895,35.958685]}}, {"type" : "Feature", "properties" : {"name" : "영천", "line" : "대구선"}, "geometry" : {"type":"Point","coordinates":[128.939471,35.958913]}}, {"type" : "Feature", "properties" : {"name" : "연화", "line" : "경부선"}, "geometry" : {"type":"Point","coordinates":[128.447225,35.965241]}}, {"type" : "Feature", "properties" : {"name" : "개정", "line" : "군산화물선"}, "geometry" : {"type":"Point","coordinates":[126.764495,35.96266]}}, {"type" : "Feature", "properties" : {"name" : "북영천", "line" : "영동선"}, "geometry" : {"type":"Point","coordinates":[128.916959,35.966428]}}, {"type" : "Feature", "properties" : {"name" : "군산화물", "line" : "군산화물선"}, "geometry" : {"type":"Point","coordinates":[126.721253,35.981709]}}, {"type" : "Feature", "properties" : {"name" : "왜관", "line" : "경부선"}, "geometry" : {"type":"Point","coordinates":[128.400592,35.993111]}}, {"type" : "Feature", "properties" : {"name" : "안강", "line" : "경전선"}, "geometry" : {"type":"Point","coordinates":[129.231504,35.989814]}}, {"type" : "Feature", "properties" : {"name" : "양자동", "line" : "경전선"}, "geometry" : {"type":"Point","coordinates":[129.254799,35.99191]}}, {"type" : "Feature", "properties" : {"name" : "부조", "line" : "경전선"}, "geometry" : {"type":"Point","coordinates":[129.275755,35.992142]}}, {"type" : "Feature", "properties" : {"name" : "황등", "line" : "KTX전라선"}, "geometry" : {"type":"Point","coordinates":[126.942962,35.999884]}}, {"type" : "Feature", "properties" : {"name" : "괴동", "line" : "괴동선"}, "geometry" : {"type":"Point","coordinates":[129.376688,35.996711]}}, {"type" : "Feature", "properties" : {"name" : "군산", "line" : "장항선"}, "geometry" : {"type":"Point","coordinates":[126.760499,35.999021]}}, {"type" : "Feature", "properties" : {"name" : "분기", "line" : "KTX동해선"}, "geometry" : {"type":"Point","coordinates":[129.284024,36.001919]}}, {"type" : "Feature", "properties" : {"name" : "효자", "line" : "동해남부선"}, "geometry" : {"type":"Point","coordinates":[129.335657,36.008783]}}, {"type" : "Feature", "properties" : {"name" : "화산", "line" : "영동선"}, "geometry" : {"type":"Point","coordinates":[128.85649,36.017464]}}, {"type" : "Feature", "properties" : {"name" : "장항화물", "line" : "장황화물선"}, "geometry" : {"type":"Point","coordinates":[126.695201,36.013656]}}, {"type" : "Feature", "properties" : {"name" : "신녕", "line" : "영동선"}, "geometry" : {"type":"Point","coordinates":[128.790474,36.034563]}}, {"type" : "Feature", "properties" : {"name" : "약목", "line" : "경부선"}, "geometry" : {"type":"Point","coordinates":[128.364117,36.037677]}}, {"type" : "Feature", "properties" : {"name" : "장항", "line" : "장항선"}, "geometry" : {"type":"Point","coordinates":[126.71407,36.039925]}}, {"type" : "Feature", "properties" : {"name" : "포항역(일반)", "line" : "경전선"}, "geometry" : {"type":"Point","coordinates":[129.342733,36.071254]}}, {"type" : "Feature", "properties" : {"name" : "포항역(고속)", "line" : "KTX동해선"}, "geometry" : {"type":"Point","coordinates":[129.341901,36.071834]}}, {"type" : "Feature", "properties" : {"name" : "함열", "line" : "KTX전라선"}, "geometry" : {"type":"Point","coordinates":[126.956898,36.079995]}}, {"type" : "Feature", "properties" : {"name" : "서천", "line" : "장항선"}, "geometry" : {"type":"Point","coordinates":[126.708375,36.080627]}}, {"type" : "Feature", "properties" : {"name" : "봉림", "line" : "영동선"}, "geometry" : {"type":"Point","coordinates":[128.722466,36.092073]}}, {"type" : "Feature", "properties" : {"name" : "사곡", "line" : "경부선"}, "geometry" : {"type":"Point","coordinates":[128.356842,36.098769]}}, {"type" : "Feature", "properties" : {"name" : "김천구미(고속)", "line" : "KTX경부선"}, "geometry" : {"type":"Point","coordinates":[128.180598,36.112997]}}, {"type" : "Feature", "properties" : {"name" : "용동", "line" : "KTX전라선"}, "geometry" : {"type":"Point","coordinates":[126.990781,36.10901]}}, {"type" : "Feature", "properties" : {"name" : "김천(일반)", "line" : "경부선"}, "geometry" : {"type":"Point","coordinates":[128.114884,36.124329]}}, {"type" : "Feature", "properties" : {"name" : "직지사", "line" : "경부선"}, "geometry" : {"type":"Point","coordinates":[128.039183,36.125244]}}, {"type" : "Feature", "properties" : {"name" : "연무대", "line" : "강경선"}, "geometry" : {"type":"Point","coordinates":[127.088654,36.123396]}}, {"type" : "Feature", "properties" : {"name" : "구미", "line" : "경부선"}, "geometry" : {"type":"Point","coordinates":[128.330751,36.128312]}}, {"type" : "Feature", "properties" : {"name" : "화본", "line" : "영동선"}, "geometry" : {"type":"Point","coordinates":[128.695042,36.127744]}}, {"type" : "Feature", "properties" : {"name" : "대신", "line" : "경부선"}, "geometry" : {"type":"Point","coordinates":[128.196311,36.152323]}}, {"type" : "Feature", "properties" : {"name" : "강경", "line" : "KTX전라선"}, "geometry" : {"type":"Point","coordinates":[127.015999,36.153682]}}, {"type" : "Feature", "properties" : {"name" : "아포", "line" : "경부선"}, "geometry" : {"type":"Point","coordinates":[128.257044,36.158336]}}, {"type" : "Feature", "properties" : {"name" : "신암", "line" : "경부선"}, "geometry" : {"type":"Point","coordinates":[128.0102,36.16303]}}, {"type" : "Feature", "properties" : {"name" : "판교", "line" : "장항선"}, "geometry" : {"type":"Point","coordinates":[126.679684,36.156003]}}, {"type" : "Feature", "properties" : {"name" : "영동", "line" : "경부선"}, "geometry" : {"type":"Point","coordinates":[127.786735,36.172278]}}, {"type" : "Feature", "properties" : {"name" : "우보", "line" : "영동선"}, "geometry" : {"type":"Point","coordinates":[128.668344,36.189987]}}, {"type" : "Feature", "properties" : {"name" : "각계", "line" : "경부선"}, "geometry" : {"type":"Point","coordinates":[127.725666,36.208032]}}, {"type" : "Feature", "properties" : {"name" : "논산역(일반)", "line" : "경전선"}, "geometry" : {"type":"Point","coordinates":[127.092849,36.206823]}}, {"type" : "Feature", "properties" : {"name" : "논산역(고속)", "line" : "KTX전라선"}, "geometry" : {"type":"Point","coordinates":[127.092722,36.207019]}}, {"type" : "Feature", "properties" : {"name" : "월포", "line" : "동해선"}, "geometry" : {"type":"Point","coordinates":[129.366448,36.204072]}}, {"type" : "Feature", "properties" : {"name" : "추풍령", "line" : "경부선"}, "geometry" : {"type":"Point","coordinates":[127.995966,36.213163]}}, {"type" : "Feature", "properties" : {"name" : "연산", "line" : "KTX전라선"}, "geometry" : {"type":"Point","coordinates":[127.200919,36.212055]}}, {"type" : "Feature", "properties" : {"name" : "황간", "line" : "경부선"}, "geometry" : {"type":"Point","coordinates":[127.911396,36.224163]}}, {"type" : "Feature", "properties" : {"name" : "부황", "line" : "KTX전라선"}, "geometry" : {"type":"Point","coordinates":[127.153009,36.225078]}}, {"type" : "Feature", "properties" : {"name" : "심천", "line" : "경부선"}, "geometry" : {"type":"Point","coordinates":[127.72021,36.2374]}}, {"type" : "Feature", "properties" : {"name" : "지탄", "line" : "경부선"}, "geometry" : {"type":"Point","coordinates":[127.676407,36.241671]}}, {"type" : "Feature", "properties" : {"name" : "개태사", "line" : "KTX전라선"}, "geometry" : {"type":"Point","coordinates":[127.227054,36.241673]}}, {"type" : "Feature", "properties" : {"name" : "이원", "line" : "경부선"}, "geometry" : {"type":"Point","coordinates":[127.618192,36.243779]}}, {"type" : "Feature", "properties" : {"name" : "흑석리", "line" : "KTX전라선"}, "geometry" : {"type":"Point","coordinates":[127.339457,36.255948]}}, {"type" : "Feature", "properties" : {"name" : "탑리", "line" : "영동선"}, "geometry" : {"type":"Point","coordinates":[128.682692,36.260504]}}, {"type" : "Feature", "properties" : {"name" : "계룡역(일반)", "line" : "경전선"}, "geometry" : {"type":"Point","coordinates":[127.26556,36.272837]}}, {"type" : "Feature", "properties" : {"name" : "계룡역(고속)", "line" : "KTX전라선"}, "geometry" : {"type":"Point","coordinates":[127.265731,36.272994]}}, {"type" : "Feature", "properties" : {"name" : "옥산", "line" : "경부선"}, "geometry" : {"type":"Point","coordinates":[128.095271,36.283199]}}, {"type" : "Feature", "properties" : {"name" : "장사", "line" : "동해선"}, "geometry" : {"type":"Point","coordinates":[129.36918,36.28442]}}, {"type" : "Feature", "properties" : {"name" : "옥천", "line" : "경부선"}, "geometry" : {"type":"Point","coordinates":[127.565455,36.297833]}}, {"type" : "Feature", "properties" : {"name" : "가수원", "line" : "KTX전라선"}, "geometry" : {"type":"Point","coordinates":[127.356915,36.299461]}}, {"type" : "Feature", "properties" : {"name" : "판암", "line" : "대전1호선"}, "geometry" : {"type":"Point","coordinates":[127.457712,36.316969]}}, {"type" : "Feature", "properties" : {"name" : "신흥(대전1)", "line" : "대전1호선"}, "geometry" : {"type":"Point","coordinates":[127.447484,36.320237]}}, {"type" : "Feature", "properties" : {"name" : "남포", "line" : "장항선"}, "geometry" : {"type":"Point","coordinates":[126.595551,36.313761]}}, {"type" : "Feature", "properties" : {"name" : "서대전네거리", "line" : "대전1호선"}, "geometry" : {"type":"Point","coordinates":[127.412347,36.322476]}}, {"type" : "Feature", "properties" : {"name" : "서대전역(일반)", "line" : "경전선"}, "geometry" : {"type":"Point","coordinates":[127.403129,36.322732]}}, {"type" : "Feature", "properties" : {"name" : "서대전역(고속)", "line" : "KTX전라선"}, "geometry" : {"type":"Point","coordinates":[127.402727,36.322894]}}, {"type" : "Feature", "properties" : {"name" : "중구청", "line" : "대전1호선"}, "geometry" : {"type":"Point","coordinates":[127.419142,36.324623]}}, {"type" : "Feature", "properties" : {"name" : "중앙로", "line" : "대전1호선"}, "geometry" : {"type":"Point","coordinates":[127.425736,36.328637]}}, {"type" : "Feature", "properties" : {"name" : "오룡", "line" : "대전1호선"}, "geometry" : {"type":"Point","coordinates":[127.404929,36.328668]}}, {"type" : "Feature", "properties" : {"name" : "대동", "line" : "대전1호선"}, "geometry" : {"type":"Point","coordinates":[127.442892,36.329259]}}, {"type" : "Feature", "properties" : {"name" : "대전역(대전1)", "line" : "대전1호선"}, "geometry" : {"type":"Point","coordinates":[127.432658,36.331201]}}, {"type" : "Feature", "properties" : {"name" : "대전역(일반)", "line" : "경부선"}, "geometry" : {"type":"Point","coordinates":[127.434149,36.332163]}}, {"type" : "Feature", "properties" : {"name" : "대전역(고속)", "line" : "KTX경부선"}, "geometry" : {"type":"Point","coordinates":[127.434609,36.332258]}}, {"type" : "Feature", "properties" : {"name" : "공주", "line" : "KTX전라선"}, "geometry" : {"type":"Point","coordinates":[127.096538,36.332702]}}, {"type" : "Feature", "properties" : {"name" : "세천", "line" : "경부선"}, "geometry" : {"type":"Point","coordinates":[127.490566,36.336325]}}, {"type" : "Feature", "properties" : {"name" : "청리", "line" : "경부선"}, "geometry" : {"type":"Point","coordinates":[128.129322,36.339848]}}, {"type" : "Feature", "properties" : {"name" : "용문(대전1)", "line" : "대전1호선"}, "geometry" : {"type":"Point","coordinates":[127.393167,36.338422]}}, {"type" : "Feature", "properties" : {"name" : "탄방", "line" : "대전1호선"}, "geometry" : {"type":"Point","coordinates":[127.384324,36.345196]}}, {"type" : "Feature", "properties" : {"name" : "대천", "line" : "장항선"}, "geometry" : {"type":"Point","coordinates":[126.58632,36.342006]}}, {"type" : "Feature", "properties" : {"name" : "시청(대전)", "line" : "대전1호선"}, "geometry" : {"type":"Point","coordinates":[127.386533,36.351242]}}, {"type" : "Feature", "properties" : {"name" : "유성온천", "line" : "대전1호선"}, "geometry" : {"type":"Point","coordinates":[127.341412,36.353797]}}, {"type" : "Feature", "properties" : {"name" : "갑천", "line" : "대전1호선"}, "geometry" : {"type":"Point","coordinates":[127.354228,36.354461]}}, {"type" : "Feature", "properties" : {"name" : "의성", "line" : "영동선"}, "geometry" : {"type":"Point","coordinates":[128.693187,36.354495]}}, {"type" : "Feature", "properties" : {"name" : "구암", "line" : "대전1호선"}, "geometry" : {"type":"Point","coordinates":[127.33131,36.356513]}}, {"type" : "Feature", "properties" : {"name" : "정부청사", "line" : "대전1호선"}, "geometry" : {"type":"Point","coordinates":[127.382128,36.357669]}}, {"type" : "Feature", "properties" : {"name" : "갈마", "line" : "대전1호선"}, "geometry" : {"type":"Point","coordinates":[127.372459,36.357769]}}, {"type" : "Feature", "properties" : {"name" : "월평", "line" : "대전1호선"}, "geometry" : {"type":"Point","coordinates":[127.363915,36.358371]}}, {"type" : "Feature", "properties" : {"name" : "강구", "line" : "동해선"}, "geometry" : {"type":"Point","coordinates":[129.372345,36.352232]}}, {"type" : "Feature", "properties" : {"name" : "현충원", "line" : "대전1호선"}, "geometry" : {"type":"Point","coordinates":[127.321278,36.359342]}}, {"type" : "Feature", "properties" : {"name" : "월드컵경기장(대전1)", "line" : "대전1호선"}, "geometry" : {"type":"Point","coordinates":[127.317964,36.366814]}}, {"type" : "Feature", "properties" : {"name" : "노은", "line" : "대전1호선"}, "geometry" : {"type":"Point","coordinates":[127.317903,36.374975]}}, {"type" : "Feature", "properties" : {"name" : "지족", "line" : "대전1호선"}, "geometry" : {"type":"Point","coordinates":[127.319888,36.384627]}}, {"type" : "Feature", "properties" : {"name" : "반석", "line" : "대전1호선"}, "geometry" : {"type":"Point","coordinates":[127.314922,36.392051]}}, {"type" : "Feature", "properties" : {"name" : "회덕", "line" : "KTX경부선"}, "geometry" : {"type":"Point","coordinates":[127.421453,36.40217]}}, {"type" : "Feature", "properties" : {"name" : "상주", "line" : "경부선"}, "geometry" : {"type":"Point","coordinates":[128.164676,36.410786]}}, {"type" : "Feature", "properties" : {"name" : "영덕", "line" : "동해선"}, "geometry" : {"type":"Point","coordinates":[129.378296,36.410377]}}, {"type" : "Feature", "properties" : {"name" : "주포", "line" : "장항선"}, "geometry" : {"type":"Point","coordinates":[126.572129,36.411688]}}, {"type" : "Feature", "properties" : {"name" : "단촌", "line" : "영동선"}, "geometry" : {"type":"Point","coordinates":[128.674955,36.422667]}}, {"type" : "Feature", "properties" : {"name" : "신탄진", "line" : "KTX경부선"}, "geometry" : {"type":"Point","coordinates":[127.428363,36.449418]}}, {"type" : "Feature", "properties" : {"name" : "청소", "line" : "장항선"}, "geometry" : {"type":"Point","coordinates":[126.591749,36.446618]}}, {"type" : "Feature", "properties" : {"name" : "운산", "line" : "영동선"}, "geometry" : {"type":"Point","coordinates":[128.656693,36.467591]}}, {"type" : "Feature", "properties" : {"name" : "원죽", "line" : "장항선"}, "geometry" : {"type":"Point","coordinates":[126.617858,36.464048]}}, {"type" : "Feature", "properties" : {"name" : "백원", "line" : "경부선"}, "geometry" : {"type":"Point","coordinates":[128.174925,36.482239]}}, {"type" : "Feature", "properties" : {"name" : "매포", "line" : "KTX경부선"}, "geometry" : {"type":"Point","coordinates":[127.391092,36.498647]}}, {"type" : "Feature", "properties" : {"name" : "광천", "line" : "장항선"}, "geometry" : {"type":"Point","coordinates":[126.622381,36.50164]}}, {"type" : "Feature", "properties" : {"name" : "무릉", "line" : "영동선"}, "geometry" : {"type":"Point","coordinates":[128.687486,36.519125]}}, {"type" : "Feature", "properties" : {"name" : "부강", "line" : "KTX경부선"}, "geometry" : {"type":"Point","coordinates":[127.365335,36.532378]}}, {"type" : "Feature", "properties" : {"name" : "안동", "line" : "영동선"}, "geometry" : {"type":"Point","coordinates":[128.733485,36.562302]}}, {"type" : "Feature", "properties" : {"name" : "함창", "line" : "경부선"}, "geometry" : {"type":"Point","coordinates":[128.175476,36.570423]}}, {"type" : "Feature", "properties" : {"name" : "신성", "line" : "장항선"}, "geometry" : {"type":"Point","coordinates":[126.659591,36.566164]}}, {"type" : "Feature", "properties" : {"name" : "점촌", "line" : "경부선"}, "geometry" : {"type":"Point","coordinates":[128.204554,36.595862]}}, {"type" : "Feature", "properties" : {"name" : "조치원", "line" : "KTX경부선"}, "geometry" : {"type":"Point","coordinates":[127.296033,36.600871]}}, {"type" : "Feature", "properties" : {"name" : "홍성", "line" : "장항선"}, "geometry" : {"type":"Point","coordinates":[126.681036,36.599653]}}, {"type" : "Feature", "properties" : {"name" : "용궁", "line" : "경부선"}, "geometry" : {"type":"Point","coordinates":[128.273041,36.606777]}}, {"type" : "Feature", "properties" : {"name" : "이하", "line" : "영동선"}, "geometry" : {"type":"Point","coordinates":[128.739697,36.613015]}}, {"type" : "Feature", "properties" : {"name" : "오송역(고속)", "line" : "KTX경부선"}, "geometry" : {"type":"Point","coordinates":[127.328115,36.619577]}}, {"type" : "Feature", "properties" : {"name" : "오송역(일반)", "line" : "경부선"}, "geometry" : {"type":"Point","coordinates":[127.327358,36.620673]}}, {"type" : "Feature", "properties" : {"name" : "개포", "line" : "경부선"}, "geometry" : {"type":"Point","coordinates":[128.327707,36.626616]}}, {"type" : "Feature", "properties" : {"name" : "화양", "line" : "장항선"}, "geometry" : {"type":"Point","coordinates":[126.715321,36.630399]}}, {"type" : "Feature", "properties" : {"name" : "주평", "line" : "문경선"}, "geometry" : {"type":"Point","coordinates":[128.1707,36.643157]}}, {"type" : "Feature", "properties" : {"name" : "예천", "line" : "경부선"}, "geometry" : {"type":"Point","coordinates":[128.443781,36.647006]}}, {"type" : "Feature", "properties" : {"name" : "청주", "line" : "경부선"}, "geometry" : {"type":"Point","coordinates":[127.391879,36.647249]}}, {"type" : "Feature", "properties" : {"name" : "마사", "line" : "영동선"}, "geometry" : {"type":"Point","coordinates":[128.732111,36.652352]}}, {"type" : "Feature", "properties" : {"name" : "전의", "line" : "KTX경부선"}, "geometry" : {"type":"Point","coordinates":[127.20315,36.678114]}}, {"type" : "Feature", "properties" : {"name" : "삽교", "line" : "장항선"}, "geometry" : {"type":"Point","coordinates":[126.752362,36.679532]}}, {"type" : "Feature", "properties" : {"name" : "예산", "line" : "장항선"}, "geometry" : {"type":"Point","coordinates":[126.828993,36.686311]}}, {"type" : "Feature", "properties" : {"name" : "오근장", "line" : "경부선"}, "geometry" : {"type":"Point","coordinates":[127.47793,36.699731]}}, {"type" : "Feature", "properties" : {"name" : "어등", "line" : "경부선"}, "geometry" : {"type":"Point","coordinates":[128.560044,36.715879]}}, {"type" : "Feature", "properties" : {"name" : "소정리", "line" : "KTX경부선"}, "geometry" : {"type":"Point","coordinates":[127.155628,36.718219]}}, {"type" : "Feature", "properties" : {"name" : "청주공항", "line" : "경부선"}, "geometry" : {"type":"Point","coordinates":[127.49038,36.723324]}}, {"type" : "Feature", "properties" : {"name" : "문경", "line" : "문경선"}, "geometry" : {"type":"Point","coordinates":[128.106307,36.72898]}}, {"type" : "Feature", "properties" : {"name" : "내수", "line" : "경부선"}, "geometry" : {"type":"Point","coordinates":[127.535844,36.728713]}}, {"type" : "Feature", "properties" : {"name" : "신례원", "line" : "장항선"}, "geometry" : {"type":"Point","coordinates":[126.848123,36.726238]}}, {"type" : "Feature", "properties" : {"name" : "도고온천", "line" : "장항선"}, "geometry" : {"type":"Point","coordinates":[126.889078,36.749374]}}, {"type" : "Feature", "properties" : {"name" : "문수", "line" : "영동선"}, "geometry" : {"type":"Point","coordinates":[128.630484,36.768342]}}, {"type" : "Feature", "properties" : {"name" : "신창역(일반)", "line" : "장항선"}, "geometry" : {"type":"Point","coordinates":[126.950994,36.769463]}}, {"type" : "Feature", "properties" : {"name" : "신창역(1호선)", "line" : "서울1호선"}, "geometry" : {"type":"Point","coordinates":[126.95103,36.76957]}}, {"type" : "Feature", "properties" : {"name" : "증평", "line" : "경부선"}, "geometry" : {"type":"Point","coordinates":[127.583407,36.777634]}}, {"type" : "Feature", "properties" : {"name" : "배방", "line" : "장항선"}, "geometry" : {"type":"Point","coordinates":[127.052658,36.777702]}}, {"type" : "Feature", "properties" : {"name" : "온양온천역(일반)", "line" : "장항선"}, "geometry" : {"type":"Point","coordinates":[127.003201,36.780477]}}, {"type" : "Feature", "properties" : {"name" : "온양온천역(1호선)", "line" : "서울1호선"}, "geometry" : {"type":"Point","coordinates":[127.003231,36.780591]}}, {"type" : "Feature", "properties" : {"name" : "아산역(1호선)", "line" : "서울1호선"}, "geometry" : {"type":"Point","coordinates":[127.104098,36.792125]}}, {"type" : "Feature", "properties" : {"name" : "아산역(일반)", "line" : "장항선"}, "geometry" : {"type":"Point","coordinates":[127.104906,36.792573]}}, {"type" : "Feature", "properties" : {"name" : "쌍용", "line" : "장항선"}, "geometry" : {"type":"Point","coordinates":[127.121405,36.793773]}}, {"type" : "Feature", "properties" : {"name" : "천안아산(고속)", "line" : "KTX경부선"}, "geometry" : {"type":"Point","coordinates":[127.104614,36.794202]}}, {"type" : "Feature", "properties" : {"name" : "봉명", "line" : "장항선"}, "geometry" : {"type":"Point","coordinates":[127.13651,36.801679]}}, {"type" : "Feature", "properties" : {"name" : "천안역(일반)", "line" : "KTX경부선"}, "geometry" : {"type":"Point","coordinates":[127.146746,36.809005]}}, {"type" : "Feature", "properties" : {"name" : "영주", "line" : "경부선"}, "geometry" : {"type":"Point","coordinates":[128.625944,36.81199]}}, {"type" : "Feature", "properties" : {"name" : "도안", "line" : "경부선"}, "geometry" : {"type":"Point","coordinates":[127.614811,36.813575]}}, {"type" : "Feature", "properties" : {"name" : "천안역(1호선)", "line" : "서울1호선"}, "geometry" : {"type":"Point","coordinates":[127.146623,36.811241]}}, {"type" : "Feature", "properties" : {"name" : "두정", "line" : "KTX경부선"}, "geometry" : {"type":"Point","coordinates":[127.149116,36.832833]}}, {"type" : "Feature", "properties" : {"name" : "직산", "line" : "KTX경부선"}, "geometry" : {"type":"Point","coordinates":[127.144009,36.87066]}}, {"type" : "Feature", "properties" : {"name" : "풍기", "line" : "경부선"}, "geometry" : {"type":"Point","coordinates":[128.524309,36.874046]}}, {"type" : "Feature", "properties" : {"name" : "보천", "line" : "경부선"}, "geometry" : {"type":"Point","coordinates":[127.659382,36.876537]}}, {"type" : "Feature", "properties" : {"name" : "거촌", "line" : "경부선"}, "geometry" : {"type":"Point","coordinates":[128.772888,36.889994]}}, {"type" : "Feature", "properties" : {"name" : "봉화", "line" : "경부선"}, "geometry" : {"type":"Point","coordinates":[128.726541,36.891295]}}, {"type" : "Feature", "properties" : {"name" : "희방사", "line" : "경부선"}, "geometry" : {"type":"Point","coordinates":[128.464876,36.894214]}}, {"type" : "Feature", "properties" : {"name" : "봉성", "line" : "경부선"}, "geometry" : {"type":"Point","coordinates":[128.831014,36.894846]}}, {"type" : "Feature", "properties" : {"name" : "임기", "line" : "경부선"}, "geometry" : {"type":"Point","coordinates":[128.999315,36.903815]}}, {"type" : "Feature", "properties" : {"name" : "성환역(일반)", "line" : "KTX경부선"}, "geometry" : {"type":"Point","coordinates":[127.126731,36.915696]}}, {"type" : "Feature", "properties" : {"name" : "성환역(1호선)", "line" : "서울1호선"}, "geometry" : {"type":"Point","coordinates":[127.126944,36.915858]}}, {"type" : "Feature", "properties" : {"name" : "법전", "line" : "경부선"}, "geometry" : {"type":"Point","coordinates":[128.883914,36.91674]}}, {"type" : "Feature", "properties" : {"name" : "소이", "line" : "경부선"}, "geometry" : {"type":"Point","coordinates":[127.756362,36.922302]}}, {"type" : "Feature", "properties" : {"name" : "음성", "line" : "경부선"}, "geometry" : {"type":"Point","coordinates":[127.703971,36.925599]}}, {"type" : "Feature", "properties" : {"name" : "분천", "line" : "경부선"}, "geometry" : {"type":"Point","coordinates":[129.057939,36.932401]}}, {"type" : "Feature", "properties" : {"name" : "단성", "line" : "경부선"}, "geometry" : {"type":"Point","coordinates":[128.333646,36.936859]}}, {"type" : "Feature", "properties" : {"name" : "현동", "line" : "경부선"}, "geometry" : {"type":"Point","coordinates":[129.012456,36.937382]}}, {"type" : "Feature", "properties" : {"name" : "춘양", "line" : "경부선"}, "geometry" : {"type":"Point","coordinates":[128.920168,36.938609]}}, {"type" : "Feature", "properties" : {"name" : "달천", "line" : "경부선"}, "geometry" : {"type":"Point","coordinates":[127.879874,36.960417]}}, {"type" : "Feature", "properties" : {"name" : "비동", "line" : "경부선"}, "geometry" : {"type":"Point","coordinates":[129.071823,36.95642]}}, {"type" : "Feature", "properties" : {"name" : "양원", "line" : "경부선"}, "geometry" : {"type":"Point","coordinates":[129.091708,36.964439]}}, {"type" : "Feature", "properties" : {"name" : "주덕", "line" : "경부선"}, "geometry" : {"type":"Point","coordinates":[127.802418,36.972948]}}, {"type" : "Feature", "properties" : {"name" : "단양", "line" : "경부선"}, "geometry" : {"type":"Point","coordinates":[128.344082,36.97403]}}, {"type" : "Feature", "properties" : {"name" : "충주", "line" : "경부선"}, "geometry" : {"type":"Point","coordinates":[127.908183,36.974836]}}, {"type" : "Feature", "properties" : {"name" : "평택역(1호선)", "line" : "서울1호선"}, "geometry" : {"type":"Point","coordinates":[127.085472,36.990697]}}, {"type" : "Feature", "properties" : {"name" : "평택역(일반)", "line" : "KTX경부선"}, "geometry" : {"type":"Point","coordinates":[127.085031,36.990858]}}, {"type" : "Feature", "properties" : {"name" : "승부", "line" : "경부선"}, "geometry" : {"type":"Point","coordinates":[129.084222,36.992736]}}, {"type" : "Feature", "properties" : {"name" : "목행", "line" : "경부선"}, "geometry" : {"type":"Point","coordinates":[127.932584,37.016489]}}, {"type" : "Feature", "properties" : {"name" : "지제역(고속)", "line" : "SRT경부선"}, "geometry" : {"type":"Point","coordinates":[127.069571,37.018345]}}, {"type" : "Feature", "properties" : {"name" : "지제역(1호선)", "line" : "KTX경부선"}, "geometry" : {"type":"Point","coordinates":[127.070675,37.018596]}}, {"type" : "Feature", "properties" : {"name" : "도담", "line" : "경부선"}, "geometry" : {"type":"Point","coordinates":[128.326063,37.024423]}}, {"type" : "Feature", "properties" : {"name" : "동량", "line" : "경부선"}, "geometry" : {"type":"Point","coordinates":[127.971439,37.03339]}}, {"type" : "Feature", "properties" : {"name" : "석포", "line" : "경부선"}, "geometry" : {"type":"Point","coordinates":[129.06036,37.045732]}}, {"type" : "Feature", "properties" : {"name" : "서정리역(1호선)", "line" : "서울1호선"}, "geometry" : {"type":"Point","coordinates":[127.052835,37.056344]}}, {"type" : "Feature", "properties" : {"name" : "서정리역(일반)", "line" : "KTX경부선"}, "geometry" : {"type":"Point","coordinates":[127.053212,37.056936]}}, {"type" : "Feature", "properties" : {"name" : "삼탄", "line" : "경부선"}, "geometry" : {"type":"Point","coordinates":[128.038836,37.073246]}}, {"type" : "Feature", "properties" : {"name" : "삼곡", "line" : "경부선"}, "geometry" : {"type":"Point","coordinates":[128.274551,37.075613]}}, {"type" : "Feature", "properties" : {"name" : "송탄", "line" : "KTX경부선"}, "geometry" : {"type":"Point","coordinates":[127.05456,37.075199]}}, {"type" : "Feature", "properties" : {"name" : "동점", "line" : "경부선"}, "geometry" : {"type":"Point","coordinates":[129.045835,37.085332]}}, {"type" : "Feature", "properties" : {"name" : "공전", "line" : "경부선"}, "geometry" : {"type":"Point","coordinates":[128.077682,37.101541]}}, {"type" : "Feature", "properties" : {"name" : "고명", "line" : "경부선"}, "geometry" : {"type":"Point","coordinates":[128.241856,37.113715]}}, {"type" : "Feature", "properties" : {"name" : "진위", "line" : "KTX경부선"}, "geometry" : {"type":"Point","coordinates":[127.062356,37.110281]}}, {"type" : "Feature", "properties" : {"name" : "철암", "line" : "경부선"}, "geometry" : {"type":"Point","coordinates":[129.036403,37.113663]}}, {"type" : "Feature", "properties" : {"name" : "제천", "line" : "경부선"}, "geometry" : {"type":"Point","coordinates":[128.204963,37.127616]}}, {"type" : "Feature", "properties" : {"name" : "봉양", "line" : "경부선"}, "geometry" : {"type":"Point","coordinates":[128.129356,37.129942]}}, {"type" : "Feature", "properties" : {"name" : "백산", "line" : "경부선"}, "geometry" : {"type":"Point","coordinates":[129.034347,37.139072]}}, {"type" : "Feature", "properties" : {"name" : "오산역(1호선)", "line" : "서울1호선"}, "geometry" : {"type":"Point","coordinates":[127.066639,37.144923]}}, {"type" : "Feature", "properties" : {"name" : "오산역(일반)", "line" : "KTX경부선"}, "geometry" : {"type":"Point","coordinates":[127.066982,37.145544]}}, {"type" : "Feature", "properties" : {"name" : "문곡", "line" : "중앙선"}, "geometry" : {"type":"Point","coordinates":[128.989615,37.152553]}}, {"type" : "Feature", "properties" : {"name" : "구학", "line" : "중앙선"}, "geometry" : {"type":"Point","coordinates":[128.11501,37.157706]}}, {"type" : "Feature", "properties" : {"name" : "장락", "line" : "중앙선"}, "geometry" : {"type":"Point","coordinates":[128.232378,37.158746]}}, {"type" : "Feature", "properties" : {"name" : "동백산역(일반)", "line" : "경부선"}, "geometry" : {"type":"Point","coordinates":[129.034342,37.154652]}}, {"type" : "Feature", "properties" : {"name" : "오산대", "line" : "KTX경부선"}, "geometry" : {"type":"Point","coordinates":[127.06312,37.169116]}}, {"type" : "Feature", "properties" : {"name" : "쌍룡", "line" : "중앙선"}, "geometry" : {"type":"Point","coordinates":[128.329032,37.175297]}}, {"type" : "Feature", "properties" : {"name" : "솔안", "line" : "경부선"}, "geometry" : {"type":"Point","coordinates":[129.037175,37.173934]}}, {"type" : "Feature", "properties" : {"name" : "태백", "line" : "중앙선"}, "geometry" : {"type":"Point","coordinates":[128.98356,37.176035]}}, {"type" : "Feature", "properties" : {"name" : "영월", "line" : "중앙선"}, "geometry" : {"type":"Point","coordinates":[128.481492,37.182256]}}, {"type" : "Feature", "properties" : {"name" : "연당", "line" : "중앙선"}, "geometry" : {"type":"Point","coordinates":[128.395989,37.184895]}}, {"type" : "Feature", "properties" : {"name" : "송학", "line" : "중앙선"}, "geometry" : {"type":"Point","coordinates":[128.270496,37.18669]}}, {"type" : "Feature", "properties" : {"name" : "세마", "line" : "KTX경부선"}, "geometry" : {"type":"Point","coordinates":[127.042871,37.188065]}}, {"type" : "Feature", "properties" : {"name" : "석항", "line" : "중앙선"}, "geometry" : {"type":"Point","coordinates":[128.620594,37.196991]}}, {"type" : "Feature", "properties" : {"name" : "입석리", "line" : "중앙선"}, "geometry" : {"type":"Point","coordinates":[128.299381,37.198821]}}, {"type" : "Feature", "properties" : {"name" : "서동탄", "line" : "서울1호선"}, "geometry" : {"type":"Point","coordinates":[127.051635,37.195769]}}, {"type" : "Feature", "properties" : {"name" : "동탄", "line" : "SRT경부선"}, "geometry" : {"type":"Point","coordinates":[127.095417,37.200056]}}, {"type" : "Feature", "properties" : {"name" : "추전", "line" : "중앙선"}, "geometry" : {"type":"Point","coordinates":[128.950064,37.199905]}}, {"type" : "Feature", "properties" : {"name" : "고한", "line" : "중앙선"}, "geometry" : {"type":"Point","coordinates":[128.852242,37.201078]}}, {"type" : "Feature", "properties" : {"name" : "병점역(1호선)", "line" : "KTX경부선"}, "geometry" : {"type":"Point","coordinates":[127.033045,37.206762]}}, {"type" : "Feature", "properties" : {"name" : "병점역(1-3호선)", "line" : "서울1호선"}, "geometry" : {"type":"Point","coordinates":[127.033279,37.206828]}}, {"type" : "Feature", "properties" : {"name" : "예미", "line" : "중앙선"}, "geometry" : {"type":"Point","coordinates":[128.648459,37.212669]}}, {"type" : "Feature", "properties" : {"name" : "신림역(일반)", "line" : "중앙선"}, "geometry" : {"type":"Point","coordinates":[128.091324,37.218162]}}, {"type" : "Feature", "properties" : {"name" : "함백", "line" : "태백선"}, "geometry" : {"type":"Point","coordinates":[128.700251,37.217504]}}, {"type" : "Feature", "properties" : {"name" : "사북", "line" : "중앙선"}, "geometry" : {"type":"Point","coordinates":[128.817042,37.225859]}}, {"type" : "Feature", "properties" : {"name" : "도계", "line" : "경부선"}, "geometry" : {"type":"Point","coordinates":[129.044811,37.229919]}}, {"type" : "Feature", "properties" : {"name" : "자미원", "line" : "중앙선"}, "geometry" : {"type":"Point","coordinates":[128.734344,37.23739]}}, {"type" : "Feature", "properties" : {"name" : "김량장", "line" : "용인경전철"}, "geometry" : {"type":"Point","coordinates":[127.198681,37.237303]}}, {"type" : "Feature", "properties" : {"name" : "운동장,송담대", "line" : "용인경전철"}, "geometry" : {"type":"Point","coordinates":[127.209046,37.237902]}}, {"type" : "Feature", "properties" : {"name" : "명지대", "line" : "용인경전철"}, "geometry" : {"type":"Point","coordinates":[127.190279,37.238081]}}, {"type" : "Feature", "properties" : {"name" : "시청,용인대", "line" : "용인경전철"}, "geometry" : {"type":"Point","coordinates":[127.178887,37.23944]}}, {"type" : "Feature", "properties" : {"name" : "삼가", "line" : "용인경전철"}, "geometry" : {"type":"Point","coordinates":[127.168138,37.242123]}}, {"type" : "Feature", "properties" : {"name" : "민둥산", "line" : "중앙선"}, "geometry" : {"type":"Point","coordinates":[128.773256,37.244439]}}, {"type" : "Feature", "properties" : {"name" : "고진", "line" : "용인경전철"}, "geometry" : {"type":"Point","coordinates":[127.214186,37.244651]}}, {"type" : "Feature", "properties" : {"name" : "세류", "line" : "KTX경부선"}, "geometry" : {"type":"Point","coordinates":[127.01379,37.243853]}}, {"type" : "Feature", "properties" : {"name" : "망포", "line" : "수인분당선"}, "geometry" : {"type":"Point","coordinates":[127.057364,37.245815]}}, {"type" : "Feature", "properties" : {"name" : "영통", "line" : "수인분당선"}, "geometry" : {"type":"Point","coordinates":[127.071272,37.251449]}}, {"type" : "Feature", "properties" : {"name" : "매탄권선", "line" : "수인분당선"}, "geometry" : {"type":"Point","coordinates":[127.040491,37.25292]}}, {"type" : "Feature", "properties" : {"name" : "보평", "line" : "용인경전철"}, "geometry" : {"type":"Point","coordinates":[127.218499,37.25896]}}, {"type" : "Feature", "properties" : {"name" : "부발", "line" : "경강선"}, "geometry" : {"type":"Point","coordinates":[127.489379,37.260441]}}, {"type" : "Feature", "properties" : {"name" : "청명", "line" : "수인분당선"}, "geometry" : {"type":"Point","coordinates":[127.078958,37.259479]}}, {"type" : "Feature", "properties" : {"name" : "초당", "line" : "용인경전철"}, "geometry" : {"type":"Point","coordinates":[127.159478,37.260811]}}, {"type" : "Feature", "properties" : {"name" : "상갈", "line" : "수인분당선"}, "geometry" : {"type":"Point","coordinates":[127.10877,37.261807]}}, {"type" : "Feature", "properties" : {"name" : "이천", "line" : "경강선"}, "geometry" : {"type":"Point","coordinates":[127.442358,37.264263]}}, {"type" : "Feature", "properties" : {"name" : "수원시청", "line" : "수인분당선"}, "geometry" : {"type":"Point","coordinates":[127.030739,37.261945]}}, {"type" : "Feature", "properties" : {"name" : "매교", "line" : "수인분당선"}, "geometry" : {"type":"Point","coordinates":[127.015687,37.26551]}}, {"type" : "Feature", "properties" : {"name" : "치악", "line" : "중앙선"}, "geometry" : {"type":"Point","coordinates":[128.022298,37.269707]}}, {"type" : "Feature", "properties" : {"name" : "둔전", "line" : "용인경전철"}, "geometry" : {"type":"Point","coordinates":[127.213619,37.267207]}}, {"type" : "Feature", "properties" : {"name" : "수원역(분당)", "line" : "수인분당선"}, "geometry" : {"type":"Point","coordinates":[127.000308,37.266327]}}, {"type" : "Feature", "properties" : {"name" : "수원역(고속)", "line" : "KTX경부선"}, "geometry" : {"type":"Point","coordinates":[126.999023,37.266532]}}, {"type" : "Feature", "properties" : {"name" : "수원역(일반)", "line" : "경부선"}, "geometry" : {"type":"Point","coordinates":[126.999271,37.266614]}}, {"type" : "Feature", "properties" : {"name" : "수원역(1호선)", "line" : "서울1호선"}, "geometry" : {"type":"Point","coordinates":[126.999494,37.266692]}}, {"type" : "Feature", "properties" : {"name" : "고사리", "line" : "경부선"}, "geometry" : {"type":"Point","coordinates":[129.06129,37.267265]}}, {"type" : "Feature", "properties" : {"name" : "동백", "line" : "용인경전철"}, "geometry" : {"type":"Point","coordinates":[127.152711,37.26913]}}, {"type" : "Feature", "properties" : {"name" : "별어곡", "line" : "정선선"}, "geometry" : {"type":"Point","coordinates":[128.739874,37.270112]}}, {"type" : "Feature", "properties" : {"name" : "지석", "line" : "용인경전철"}, "geometry" : {"type":"Point","coordinates":[127.136639,37.269748]}}, {"type" : "Feature", "properties" : {"name" : "강남대", "line" : "용인경전철"}, "geometry" : {"type":"Point","coordinates":[127.126047,37.270149]}}, {"type" : "Feature", "properties" : {"name" : "어정", "line" : "용인경전철"}, "geometry" : {"type":"Point","coordinates":[127.143768,37.274968]}}, {"type" : "Feature", "properties" : {"name" : "기흥역(분당)", "line" : "수인분당선"}, "geometry" : {"type":"Point","coordinates":[127.11596,37.275125]}}, {"type" : "Feature", "properties" : {"name" : "기흥역(용인)", "line" : "용인경전철"}, "geometry" : {"type":"Point","coordinates":[127.116684,37.275477]}}, {"type" : "Feature", "properties" : {"name" : "여주", "line" : "경강선"}, "geometry" : {"type":"Point","coordinates":[127.628498,37.283147]}}, {"type" : "Feature", "properties" : {"name" : "하고사리", "line" : "경부선"}, "geometry" : {"type":"Point","coordinates":[129.062704,37.27974]}}, {"type" : "Feature", "properties" : {"name" : "전대,에버랜드", "line" : "용인경전철"}, "geometry" : {"type":"Point","coordinates":[127.2195,37.285419]}}, {"type" : "Feature", "properties" : {"name" : "화서", "line" : "KTX경부선"}, "geometry" : {"type":"Point","coordinates":[126.989489,37.284191]}}, {"type" : "Feature", "properties" : {"name" : "신갈", "line" : "수인분당선"}, "geometry" : {"type":"Point","coordinates":[127.11133,37.28614]}}, {"type" : "Feature", "properties" : {"name" : "광교중앙", "line" : "신분당선"}, "geometry" : {"type":"Point","coordinates":[127.051527,37.288549]}}, {"type" : "Feature", "properties" : {"name" : "세종대왕릉", "line" : "경강선"}, "geometry" : {"type":"Point","coordinates":[127.570441,37.293545]}}, {"type" : "Feature", "properties" : {"name" : "상현", "line" : "신분당선"}, "geometry" : {"type":"Point","coordinates":[127.069284,37.297599]}}, {"type" : "Feature", "properties" : {"name" : "구성", "line" : "수인분당선"}, "geometry" : {"type":"Point","coordinates":[127.105578,37.298995]}}, {"type" : "Feature", "properties" : {"name" : "성균관대", "line" : "KTX경부선"}, "geometry" : {"type":"Point","coordinates":[126.97252,37.300189]}}, {"type" : "Feature", "properties" : {"name" : "광교", "line" : "신분당선"}, "geometry" : {"type":"Point","coordinates":[127.046221,37.301426]}}, {"type" : "Feature", "properties" : {"name" : "상록수", "line" : "서울4호선"}, "geometry" : {"type":"Point","coordinates":[126.86451,37.302496]}}, {"type" : "Feature", "properties" : {"name" : "원시", "line" : "서해선"}, "geometry" : {"type":"Point","coordinates":[126.786736,37.302533]}}, {"type" : "Feature", "properties" : {"name" : "마차리", "line" : "경부선"}, "geometry" : {"type":"Point","coordinates":[129.072841,37.30647]}}, {"type" : "Feature", "properties" : {"name" : "한대앞(4호선)", "line" : "서울4호선"}, "geometry" : {"type":"Point","coordinates":[126.853561,37.309552]}}, {"type" : "Feature", "properties" : {"name" : "보정", "line" : "수인분당선"}, "geometry" : {"type":"Point","coordinates":[127.108202,37.312788]}}, {"type" : "Feature", "properties" : {"name" : "성복", "line" : "신분당선"}, "geometry" : {"type":"Point","coordinates":[127.080462,37.313653]}}, {"type" : "Feature", "properties" : {"name" : "신둔도예촌", "line" : "경강선"}, "geometry" : {"type":"Point","coordinates":[127.405102,37.31601]}}, {"type" : "Feature", "properties" : {"name" : "반월", "line" : "서울4호선"}, "geometry" : {"type":"Point","coordinates":[126.903735,37.312778]}}, {"type" : "Feature", "properties" : {"name" : "원곡", "line" : "서해선"}, "geometry" : {"type":"Point","coordinates":[126.795585,37.313138]}}, {"type" : "Feature", "properties" : {"name" : "중앙(4호선)", "line" : "서울4호선"}, "geometry" : {"type":"Point","coordinates":[126.838636,37.316141]}}, {"type" : "Feature", "properties" : {"name" : "반곡", "line" : "중앙선"}, "geometry" : {"type":"Point","coordinates":[127.994716,37.322553]}}, {"type" : "Feature", "properties" : {"name" : "고잔(4호선)", "line" : "서울4호선"}, "geometry" : {"type":"Point","coordinates":[126.822528,37.316903]}}, {"type" : "Feature", "properties" : {"name" : "선평", "line" : "정선선"}, "geometry" : {"type":"Point","coordinates":[128.712224,37.322356]}}, {"type" : "Feature", "properties" : {"name" : "초지역(소사원시)", "line" : "서해선"}, "geometry" : {"type":"Point","coordinates":[126.807756,37.319612]}}, {"type" : "Feature", "properties" : {"name" : "의왕", "line" : "KTX경부선"}, "geometry" : {"type":"Point","coordinates":[126.948046,37.321347]}}, {"type" : "Feature", "properties" : {"name" : "수지구청", "line" : "신분당선"}, "geometry" : {"type":"Point","coordinates":[127.094935,37.322696]}}, {"type" : "Feature", "properties" : {"name" : "초지(4호선)", "line" : "서울4호선"}, "geometry" : {"type":"Point","coordinates":[126.806793,37.320435]}}, {"type" : "Feature", "properties" : {"name" : "죽전", "line" : "수인분당선"}, "geometry" : {"type":"Point","coordinates":[127.107566,37.324704]}}, {"type" : "Feature", "properties" : {"name" : "대야미", "line" : "서울4호선"}, "geometry" : {"type":"Point","coordinates":[126.916733,37.327871]}}, {"type" : "Feature", "properties" : {"name" : "안산(4호선)", "line" : "서울4호선"}, "geometry" : {"type":"Point","coordinates":[126.789255,37.327403]}}, {"type" : "Feature", "properties" : {"name" : "선부", "line" : "서해선"}, "geometry" : {"type":"Point","coordinates":[126.809979,37.334305]}}, {"type" : "Feature", "properties" : {"name" : "오봉", "line" : "남부화물기지"}, "geometry" : {"type":"Point","coordinates":[126.960699,37.336903]}}, {"type" : "Feature", "properties" : {"name" : "동천", "line" : "신분당선"}, "geometry" : {"type":"Point","coordinates":[127.102797,37.338098]}}, {"type" : "Feature", "properties" : {"name" : "동화", "line" : "KTX강릉선"}, "geometry" : {"type":"Point","coordinates":[127.859879,37.342289]}}, {"type" : "Feature", "properties" : {"name" : "오리", "line" : "수인분당선"}, "geometry" : {"type":"Point","coordinates":[127.108966,37.339862]}}, {"type" : "Feature", "properties" : {"name" : "신길온천(4호선)", "line" : "서울4호선"}, "geometry" : {"type":"Point","coordinates":[126.76719,37.33798]}}, {"type" : "Feature", "properties" : {"name" : "서원주", "line" : "KTX강릉선"}, "geometry" : {"type":"Point","coordinates":[127.839653,37.34819]}}, {"type" : "Feature", "properties" : {"name" : "당정", "line" : "KTX경부선"}, "geometry" : {"type":"Point","coordinates":[126.948345,37.344313]}}, {"type" : "Feature", "properties" : {"name" : "신기", "line" : "경부선"}, "geometry" : {"type":"Point","coordinates":[129.084727,37.346458]}}, {"type" : "Feature", "properties" : {"name" : "곤지암", "line" : "경강선"}, "geometry" : {"type":"Point","coordinates":[127.346665,37.350181]}}, {"type" : "Feature", "properties" : {"name" : "미금역(신분당)", "line" : "신분당선"}, "geometry" : {"type":"Point","coordinates":[127.108859,37.35001]}}, {"type" : "Feature", "properties" : {"name" : "미금역(분당)", "line" : "수인분당선"}, "geometry" : {"type":"Point","coordinates":[127.108999,37.350026]}}, {"type" : "Feature", "properties" : {"name" : "달미", "line" : "서해선"}, "geometry" : {"type":"Point","coordinates":[126.80941,37.348817]}}, {"type" : "Feature", "properties" : {"name" : "수리산", "line" : "서울4호선"}, "geometry" : {"type":"Point","coordinates":[126.925423,37.350157]}}, {"type" : "Feature", "properties" : {"name" : "만종(일반)", "line" : "중앙선"}, "geometry" : {"type":"Point","coordinates":[127.896838,37.356437]}}, {"type" : "Feature", "properties" : {"name" : "만종(고속)", "line" : "KTX강릉선"}, "geometry" : {"type":"Point","coordinates":[127.896693,37.356545]}}, {"type" : "Feature", "properties" : {"name" : "원주", "line" : "중앙선"}, "geometry" : {"type":"Point","coordinates":[127.945176,37.357224]}}, {"type" : "Feature", "properties" : {"name" : "군포", "line" : "KTX경부선"}, "geometry" : {"type":"Point","coordinates":[126.948505,37.353463]}}, {"type" : "Feature", "properties" : {"name" : "정왕(4호선)", "line" : "서울4호선"}, "geometry" : {"type":"Point","coordinates":[126.743264,37.351782]}}, {"type" : "Feature", "properties" : {"name" : "산본", "line" : "서울4호선"}, "geometry" : {"type":"Point","coordinates":[126.933116,37.358076]}}, {"type" : "Feature", "properties" : {"name" : "오이도역(4호선)", "line" : "서울4호선"}, "geometry" : {"type":"Point","coordinates":[126.738472,37.361839]}}, {"type" : "Feature", "properties" : {"name" : "오이도역(수인)", "line" : "수인분당선"}, "geometry" : {"type":"Point","coordinates":[126.73882,37.36265]}}, {"type" : "Feature", "properties" : {"name" : "정자역(분당)", "line" : "수인분당선"}, "geometry" : {"type":"Point","coordinates":[127.108122,37.36619]}}, {"type" : "Feature", "properties" : {"name" : "정자역(신분당)", "line" : "신분당선"}, "geometry" : {"type":"Point","coordinates":[127.108513,37.367464]}}, {"type" : "Feature", "properties" : {"name" : "초월", "line" : "경강선"}, "geometry" : {"type":"Point","coordinates":[127.299902,37.373365]}}, {"type" : "Feature", "properties" : {"name" : "시흥능곡", "line" : "서해선"}, "geometry" : {"type":"Point","coordinates":[126.808696,37.369895]}}, {"type" : "Feature", "properties" : {"name" : "금정역(1호선)", "line" : "KTX경부선"}, "geometry" : {"type":"Point","coordinates":[126.943297,37.372246]}}, {"type" : "Feature", "properties" : {"name" : "금정역(4호선)", "line" : "서울4호선"}, "geometry" : {"type":"Point","coordinates":[126.943354,37.372659]}}, {"type" : "Feature", "properties" : {"name" : "수내", "line" : "수인분당선"}, "geometry" : {"type":"Point","coordinates":[127.114216,37.378458]}}, {"type" : "Feature", "properties" : {"name" : "지식정보단지", "line" : "인천1호선"}, "geometry" : {"type":"Point","coordinates":[126.645792,37.377947]}}, {"type" : "Feature", "properties" : {"name" : "시흥시청", "line" : "서해선"}, "geometry" : {"type":"Point","coordinates":[126.805941,37.38156]}}, {"type" : "Feature", "properties" : {"name" : "달월", "line" : "수인분당선"}, "geometry" : {"type":"Point","coordinates":[126.746659,37.381629]}}, {"type" : "Feature", "properties" : {"name" : "서현", "line" : "수인분당선"}, "geometry" : {"type":"Point","coordinates":[127.123468,37.385045]}}, {"type" : "Feature", "properties" : {"name" : "테크노파크", "line" : "인천1호선"}, "geometry" : {"type":"Point","coordinates":[126.656064,37.381833]}}, {"type" : "Feature", "properties" : {"name" : "명학", "line" : "KTX경부선"}, "geometry" : {"type":"Point","coordinates":[126.935491,37.384882]}}, {"type" : "Feature", "properties" : {"name" : "정선", "line" : "정선선"}, "geometry" : {"type":"Point","coordinates":[128.6722,37.388819]}}, {"type" : "Feature", "properties" : {"name" : "삼산", "line" : "KTX강릉선"}, "geometry" : {"type":"Point","coordinates":[127.779658,37.392284]}}, {"type" : "Feature", "properties" : {"name" : "인천대입구", "line" : "인천1호선"}, "geometry" : {"type":"Point","coordinates":[126.63964,37.386301]}}, {"type" : "Feature", "properties" : {"name" : "범계", "line" : "서울4호선"}, "geometry" : {"type":"Point","coordinates":[126.950686,37.389752]}}, {"type" : "Feature", "properties" : {"name" : "캠퍼스타운", "line" : "인천1호선"}, "geometry" : {"type":"Point","coordinates":[126.662018,37.388093]}}, {"type" : "Feature", "properties" : {"name" : "이매역(경강)", "line" : "경강선"}, "geometry" : {"type":"Point","coordinates":[127.127289,37.394706]}}, {"type" : "Feature", "properties" : {"name" : "판교역(신분당)", "line" : "신분당선"}, "geometry" : {"type":"Point","coordinates":[127.111158,37.394598]}}, {"type" : "Feature", "properties" : {"name" : "판교역(경강)", "line" : "경강선"}, "geometry" : {"type":"Point","coordinates":[127.111689,37.394776]}}, {"type" : "Feature", "properties" : {"name" : "월곶", "line" : "수인분당선"}, "geometry" : {"type":"Point","coordinates":[126.743072,37.391441]}}, {"type" : "Feature", "properties" : {"name" : "평촌", "line" : "서울4호선"}, "geometry" : {"type":"Point","coordinates":[126.963637,37.394203]}}, {"type" : "Feature", "properties" : {"name" : "이매역(분당)", "line" : "수인분당선"}, "geometry" : {"type":"Point","coordinates":[127.128291,37.396064]}}, {"type" : "Feature", "properties" : {"name" : "경기광주", "line" : "경강선"}, "geometry" : {"type":"Point","coordinates":[127.25362,37.398797]}}, {"type" : "Feature", "properties" : {"name" : "센트럴파크", "line" : "인천1호선"}, "geometry" : {"type":"Point","coordinates":[126.634793,37.393434]}}, {"type" : "Feature", "properties" : {"name" : "동막", "line" : "인천1호선"}, "geometry" : {"type":"Point","coordinates":[126.672427,37.397584]}}, {"type" : "Feature", "properties" : {"name" : "인덕원", "line" : "서울4호선"}, "geometry" : {"type":"Point","coordinates":[126.976668,37.40197]}}, {"type" : "Feature", "properties" : {"name" : "안양역(일반)", "line" : "KTX경부선"}, "geometry" : {"type":"Point","coordinates":[126.923082,37.401635]}}, {"type" : "Feature", "properties" : {"name" : "안양역(1호선)", "line" : "서울1호선"}, "geometry" : {"type":"Point","coordinates":[126.922712,37.401699]}}, {"type" : "Feature", "properties" : {"name" : "인천논현", "line" : "수인분당선"}, "geometry" : {"type":"Point","coordinates":[126.722521,37.400669]}}, {"type" : "Feature", "properties" : {"name" : "소래포구", "line" : "수인분당선"}, "geometry" : {"type":"Point","coordinates":[126.733533,37.400985]}}, {"type" : "Feature", "properties" : {"name" : "호구포", "line" : "수인분당선"}, "geometry" : {"type":"Point","coordinates":[126.708674,37.401649]}}, {"type" : "Feature", "properties" : {"name" : "국제업무지구", "line" : "인천1호선"}, "geometry" : {"type":"Point","coordinates":[126.630207,37.400548]}}, {"type" : "Feature", "properties" : {"name" : "삼동", "line" : "경강선"}, "geometry" : {"type":"Point","coordinates":[127.203464,37.408763]}}, {"type" : "Feature", "properties" : {"name" : "동춘", "line" : "인천1호선"}, "geometry" : {"type":"Point","coordinates":[126.680523,37.40488]}}, {"type" : "Feature", "properties" : {"name" : "남동인더스파크", "line" : "수인분당선"}, "geometry" : {"type":"Point","coordinates":[126.695292,37.407747]}}, {"type" : "Feature", "properties" : {"name" : "야탑", "line" : "수인분당선"}, "geometry" : {"type":"Point","coordinates":[127.128685,37.411804]}}, {"type" : "Feature", "properties" : {"name" : "신현", "line" : "서해선"}, "geometry" : {"type":"Point","coordinates":[126.787828,37.40961]}}, {"type" : "Feature", "properties" : {"name" : "원인재역(인천1)", "line" : "인천1호선"}, "geometry" : {"type":"Point","coordinates":[126.687705,37.412189]}}, {"type" : "Feature", "properties" : {"name" : "미로", "line" : "경부선"}, "geometry" : {"type":"Point","coordinates":[129.113984,37.414702]}}, {"type" : "Feature", "properties" : {"name" : "원인재역(수인)", "line" : "수인분당선"}, "geometry" : {"type":"Point","coordinates":[126.686425,37.413243]}}, {"type" : "Feature", "properties" : {"name" : "양동", "line" : "KTX강릉선"}, "geometry" : {"type":"Point","coordinates":[127.754866,37.420338]}}, {"type" : "Feature", "properties" : {"name" : "광명역(1-3호선)", "line" : "광명셔틀"}, "geometry" : {"type":"Point","coordinates":[126.884733,37.416366]}}, {"type" : "Feature", "properties" : {"name" : "광명역(고속)", "line" : "KTX경부선"}, "geometry" : {"type":"Point","coordinates":[126.88413,37.416494]}}, {"type" : "Feature", "properties" : {"name" : "관악", "line" : "KTX경부선"}, "geometry" : {"type":"Point","coordinates":[126.908664,37.419348]}}, {"type" : "Feature", "properties" : {"name" : "신연수", "line" : "인천1호선"}, "geometry" : {"type":"Point","coordinates":[126.694029,37.417941]}}, {"type" : "Feature", "properties" : {"name" : "연수", "line" : "수인분당선"}, "geometry" : {"type":"Point","coordinates":[126.678962,37.417846]}}, {"type" : "Feature", "properties" : {"name" : "정부과천청사", "line" : "서울4호선"}, "geometry" : {"type":"Point","coordinates":[126.989808,37.426211]}}, {"type" : "Feature", "properties" : {"name" : "선학", "line" : "인천1호선"}, "geometry" : {"type":"Point","coordinates":[126.698955,37.426753]}}, {"type" : "Feature", "properties" : {"name" : "용유", "line" : "인천자기부상"}, "geometry" : {"type":"Point","coordinates":[126.423543,37.424556]}}, {"type" : "Feature", "properties" : {"name" : "모란역(분당)", "line" : "수인분당선"}, "geometry" : {"type":"Point","coordinates":[127.129084,37.432262]}}, {"type" : "Feature", "properties" : {"name" : "삼척", "line" : "삼척선"}, "geometry" : {"type":"Point","coordinates":[129.177382,37.430086]}}, {"type" : "Feature", "properties" : {"name" : "매곡", "line" : "KTX강릉선"}, "geometry" : {"type":"Point","coordinates":[127.730679,37.436531]}}, {"type" : "Feature", "properties" : {"name" : "모란역(8호선)", "line" : "서울8호선"}, "geometry" : {"type":"Point","coordinates":[127.129667,37.433994]}}, {"type" : "Feature", "properties" : {"name" : "과천", "line" : "서울4호선"}, "geometry" : {"type":"Point","coordinates":[126.996832,37.433159]}}, {"type" : "Feature", "properties" : {"name" : "송도", "line" : "수인분당선"}, "geometry" : {"type":"Point","coordinates":[126.654788,37.429809]}}, {"type" : "Feature", "properties" : {"name" : "워터파크", "line" : "인천자기부상"}, "geometry" : {"type":"Point","coordinates":[126.433874,37.429444]}}, {"type" : "Feature", "properties" : {"name" : "석수", "line" : "KTX경부선"}, "geometry" : {"type":"Point","coordinates":[126.902432,37.434733]}}, {"type" : "Feature", "properties" : {"name" : "대공원(과천)", "line" : "서울4호선"}, "geometry" : {"type":"Point","coordinates":[127.006536,37.435726]}}, {"type" : "Feature", "properties" : {"name" : "수진", "line" : "서울8호선"}, "geometry" : {"type":"Point","coordinates":[127.140858,37.437494]}}, {"type" : "Feature", "properties" : {"name" : "문학경기장", "line" : "인천1호선"}, "geometry" : {"type":"Point","coordinates":[126.698183,37.435001]}}, {"type" : "Feature", "properties" : {"name" : "태평", "line" : "수인분당선"}, "geometry" : {"type":"Point","coordinates":[127.127803,37.439758]}}, {"type" : "Feature", "properties" : {"name" : "신흥", "line" : "서울8호선"}, "geometry" : {"type":"Point","coordinates":[127.148094,37.441121]}}, {"type" : "Feature", "properties" : {"name" : "신천(소사원시)", "line" : "서해선"}, "geometry" : {"type":"Point","coordinates":[126.786622,37.43899]}}, {"type" : "Feature", "properties" : {"name" : "일신", "line" : "KTX강릉선"}, "geometry" : {"type":"Point","coordinates":[127.68839,37.445449]}}, {"type" : "Feature", "properties" : {"name" : "파라다이스시티", "line" : "인천자기부상"}, "geometry" : {"type":"Point","coordinates":[126.459912,37.43761]}}, {"type" : "Feature", "properties" : {"name" : "경마공원", "line" : "서울4호선"}, "geometry" : {"type":"Point","coordinates":[127.007941,37.443915]}}, {"type" : "Feature", "properties" : {"name" : "단대오거리", "line" : "서울8호선"}, "geometry" : {"type":"Point","coordinates":[127.156724,37.445089]}}, {"type" : "Feature", "properties" : {"name" : "운연", "line" : "인천2호선"}, "geometry" : {"type":"Point","coordinates":[126.759209,37.442934]}}, {"type" : "Feature", "properties" : {"name" : "인천터미널", "line" : "인천1호선"}, "geometry" : {"type":"Point","coordinates":[126.699778,37.443131]}}, {"type" : "Feature", "properties" : {"name" : "합동청사", "line" : "인천자기부상"}, "geometry" : {"type":"Point","coordinates":[126.458474,37.440642]}}, {"type" : "Feature", "properties" : {"name" : "가천대", "line" : "수인분당선"}, "geometry" : {"type":"Point","coordinates":[127.126707,37.448088]}}, {"type" : "Feature", "properties" : {"name" : "청계산입구", "line" : "신분당선"}, "geometry" : {"type":"Point","coordinates":[127.054816,37.448209]}}, {"type" : "Feature", "properties" : {"name" : "나전", "line" : "정선선"}, "geometry" : {"type":"Point","coordinates":[128.669594,37.450251]}}, {"type" : "Feature", "properties" : {"name" : "장기주차장", "line" : "인천자기부상"}, "geometry" : {"type":"Point","coordinates":[126.455473,37.443987]}}, {"type" : "Feature", "properties" : {"name" : "남동구청", "line" : "인천2호선"}, "geometry" : {"type":"Point","coordinates":[126.73709,37.448155]}}, {"type" : "Feature", "properties" : {"name" : "남한산성입구", "line" : "서울8호선"}, "geometry" : {"type":"Point","coordinates":[127.160032,37.452035]}}, {"type" : "Feature", "properties" : {"name" : "인천대공원", "line" : "인천2호선"}, "geometry" : {"type":"Point","coordinates":[126.753491,37.448637]}}, {"type" : "Feature", "properties" : {"name" : "시흥대야", "line" : "서해선"}, "geometry" : {"type":"Point","coordinates":[126.792944,37.450016]}}, {"type" : "Feature", "properties" : {"name" : "선바위", "line" : "서울4호선"}, "geometry" : {"type":"Point","coordinates":[127.002037,37.451967]}}, {"type" : "Feature", "properties" : {"name" : "인하대", "line" : "수인분당선"}, "geometry" : {"type":"Point","coordinates":[126.649571,37.44858]}}, {"type" : "Feature", "properties" : {"name" : "예술회관", "line" : "인천1호선"}, "geometry" : {"type":"Point","coordinates":[126.701166,37.450012]}}, {"type" : "Feature", "properties" : {"name" : "인천공항1터미널(고속)", "line" : "공항철도KTX"}, "geometry" : {"type":"Point","coordinates":[126.452309,37.447296]}}, {"type" : "Feature", "properties" : {"name" : "인천공항1터미널(공항)", "line" : "인천공항철도"}, "geometry" : {"type":"Point","coordinates":[126.452221,37.447412]}}, {"type" : "Feature", "properties" : {"name" : "인천공항1터미널(자기)", "line" : "인천자기부상"}, "geometry" : {"type":"Point","coordinates":[126.452216,37.447782]}}, {"type" : "Feature", "properties" : {"name" : "산성(8호선)", "line" : "서울8호선"}, "geometry" : {"type":"Point","coordinates":[127.149905,37.456893]}}, {"type" : "Feature", "properties" : {"name" : "석불", "line" : "KTX강릉선"}, "geometry" : {"type":"Point","coordinates":[127.654677,37.460053]}}, {"type" : "Feature", "properties" : {"name" : "금천구청역(1호선)", "line" : "KTX경부선"}, "geometry" : {"type":"Point","coordinates":[126.89374,37.455875]}}, {"type" : "Feature", "properties" : {"name" : "만수", "line" : "인천2호선"}, "geometry" : {"type":"Point","coordinates":[126.732215,37.454955]}}, {"type" : "Feature", "properties" : {"name" : "모래내시장", "line" : "인천2호선"}, "geometry" : {"type":"Point","coordinates":[126.719745,37.455872]}}, {"type" : "Feature", "properties" : {"name" : "석천사거리", "line" : "인천2호선"}, "geometry" : {"type":"Point","coordinates":[126.710225,37.456822]}}, {"type" : "Feature", "properties" : {"name" : "인천시청역(인천2)", "line" : "인천2호선"}, "geometry" : {"type":"Point","coordinates":[126.701004,37.456925]}}, {"type" : "Feature", "properties" : {"name" : "인천시청역(인천1)", "line" : "인천1호선"}, "geometry" : {"type":"Point","coordinates":[126.702198,37.457705]}}, {"type" : "Feature", "properties" : {"name" : "석바위시장", "line" : "인천2호선"}, "geometry" : {"type":"Point","coordinates":[126.692925,37.45767]}}, {"type" : "Feature", "properties" : {"name" : "시민공원", "line" : "인천2호선"}, "geometry" : {"type":"Point","coordinates":[126.680997,37.458442]}}, {"type" : "Feature", "properties" : {"name" : "남태령", "line" : "서울4호선"}, "geometry" : {"type":"Point","coordinates":[126.989044,37.464285]}}, {"type" : "Feature", "properties" : {"name" : "숭의", "line" : "수인분당선"}, "geometry" : {"type":"Point","coordinates":[126.638355,37.460838]}}, {"type" : "Feature", "properties" : {"name" : "공항화물청사", "line" : "인천공항철도"}, "geometry" : {"type":"Point","coordinates":[126.477642,37.459144]}}, {"type" : "Feature", "properties" : {"name" : "원덕", "line" : "KTX강릉선"}, "geometry" : {"type":"Point","coordinates":[127.547524,37.468574]}}, {"type" : "Feature", "properties" : {"name" : "독산", "line" : "KTX경부선"}, "geometry" : {"type":"Point","coordinates":[126.889247,37.46649]}}, {"type" : "Feature", "properties" : {"name" : "간석", "line" : "서울1호선"}, "geometry" : {"type":"Point","coordinates":[126.693423,37.464691]}}, {"type" : "Feature", "properties" : {"name" : "복정역(분당)", "line" : "수인분당선"}, "geometry" : {"type":"Point","coordinates":[127.126518,37.46877]}}, {"type" : "Feature", "properties" : {"name" : "주안역(1호선)", "line" : "서울1호선"}, "geometry" : {"type":"Point","coordinates":[126.679807,37.465081]}}, {"type" : "Feature", "properties" : {"name" : "주안역(인천2)", "line" : "인천2호선"}, "geometry" : {"type":"Point","coordinates":[126.679056,37.465272]}}, {"type" : "Feature", "properties" : {"name" : "도화", "line" : "서울1호선"}, "geometry" : {"type":"Point","coordinates":[126.66814,37.466161]}}, {"type" : "Feature", "properties" : {"name" : "복정역(8호선)", "line" : "서울8호선"}, "geometry" : {"type":"Point","coordinates":[127.126685,37.470735]}}, {"type" : "Feature", "properties" : {"name" : "양재시민의숲", "line" : "신분당선"}, "geometry" : {"type":"Point","coordinates":[127.038476,37.470132]}}, {"type" : "Feature", "properties" : {"name" : "간석오거리", "line" : "인천1호선"}, "geometry" : {"type":"Point","coordinates":[126.707921,37.467086]}}, {"type" : "Feature", "properties" : {"name" : "삼척해변", "line" : "삼척선"}, "geometry" : {"type":"Point","coordinates":[129.165557,37.468551]}}, {"type" : "Feature", "properties" : {"name" : "제물포", "line" : "서울1호선"}, "geometry" : {"type":"Point","coordinates":[126.656995,37.466811]}}, {"type" : "Feature", "properties" : {"name" : "소새울", "line" : "서해선"}, "geometry" : {"type":"Point","coordinates":[126.797268,37.468523]}}, {"type" : "Feature", "properties" : {"name" : "아우라지", "line" : "정선선"}, "geometry" : {"type":"Point","coordinates":[128.722349,37.473101]}}, {"type" : "Feature", "properties" : {"name" : "도원", "line" : "서울1호선"}, "geometry" : {"type":"Point","coordinates":[126.642677,37.468516]}}, {"type" : "Feature", "properties" : {"name" : "신포", "line" : "수인분당선"}, "geometry" : {"type":"Point","coordinates":[126.624669,37.468363]}}, {"type" : "Feature", "properties" : {"name" : "지평역(일반)", "line" : "KTX강릉선"}, "geometry" : {"type":"Point","coordinates":[127.629906,37.476129]}}, {"type" : "Feature", "properties" : {"name" : "지평역(경의)", "line" : "경의중앙선"}, "geometry" : {"type":"Point","coordinates":[127.62983,37.476462]}}, {"type" : "Feature", "properties" : {"name" : "동암", "line" : "서울1호선"}, "geometry" : {"type":"Point","coordinates":[126.702909,37.471231]}}, {"type" : "Feature", "properties" : {"name" : "인천공항2터미널", "line" : "인천공항철도"}, "geometry" : {"type":"Point","coordinates":[126.433635,37.468802]}}, {"type" : "Feature", "properties" : {"name" : "사당역(2호선)", "line" : "서울2호선"}, "geometry" : {"type":"Point","coordinates":[126.981387,37.476582]}}, {"type" : "Feature", "properties" : {"name" : "주안국가산단", "line" : "인천2호선"}, "geometry" : {"type":"Point","coordinates":[126.681086,37.473814]}}, {"type" : "Feature", "properties" : {"name" : "사당역(4호선)", "line" : "서울4호선"}, "geometry" : {"type":"Point","coordinates":[126.981646,37.477036]}}, {"type" : "Feature", "properties" : {"name" : "철산", "line" : "서울7호선"}, "geometry" : {"type":"Point","coordinates":[126.867999,37.476121]}}, {"type" : "Feature", "properties" : {"name" : "낙성대", "line" : "서울2호선"}, "geometry" : {"type":"Point","coordinates":[126.963371,37.477129]}}, {"type" : "Feature", "properties" : {"name" : "횡성", "line" : "KTX강릉선"}, "geometry" : {"type":"Point","coordinates":[128.009728,37.481943]}}, {"type" : "Feature", "properties" : {"name" : "장지", "line" : "서울8호선"}, "geometry" : {"type":"Point","coordinates":[127.12583,37.479294]}}, {"type" : "Feature", "properties" : {"name" : "용문역(일반)", "line" : "KTX강릉선"}, "geometry" : {"type":"Point","coordinates":[127.5946,37.482266]}}, {"type" : "Feature", "properties" : {"name" : "용문역(경의)", "line" : "경의중앙선"}, "geometry" : {"type":"Point","coordinates":[127.594442,37.482498]}}, {"type" : "Feature", "properties" : {"name" : "동인천", "line" : "서울1호선"}, "geometry" : {"type":"Point","coordinates":[126.631907,37.476026]}}, {"type" : "Feature", "properties" : {"name" : "인천역(1호선)", "line" : "서울1호선"}, "geometry" : {"type":"Point","coordinates":[126.616787,37.476109]}}, {"type" : "Feature", "properties" : {"name" : "인천역(수인)", "line" : "수인분당선"}, "geometry" : {"type":"Point","coordinates":[126.617393,37.47645]}}, {"type" : "Feature", "properties" : {"name" : "광명사거리", "line" : "서울7호선"}, "geometry" : {"type":"Point","coordinates":[126.854403,37.479388]}}, {"type" : "Feature", "properties" : {"name" : "부평삼거리", "line" : "인천1호선"}, "geometry" : {"type":"Point","coordinates":[126.710642,37.47862]}}, {"type" : "Feature", "properties" : {"name" : "가산디지털단지(7호선)", "line" : "서울7호선"}, "geometry" : {"type":"Point","coordinates":[126.88261,37.48039]}}, {"type" : "Feature", "properties" : {"name" : "방배", "line" : "서울2호선"}, "geometry" : {"type":"Point","coordinates":[126.997598,37.481472]}}, {"type" : "Feature", "properties" : {"name" : "서울대입구", "line" : "서울2호선"}, "geometry" : {"type":"Point","coordinates":[126.952746,37.481269]}}, {"type" : "Feature", "properties" : {"name" : "가산디지털단지(1호선)", "line" : "KTX경부선"}, "geometry" : {"type":"Point","coordinates":[126.882631,37.481553]}}, {"type" : "Feature", "properties" : {"name" : "봉천(2호선)", "line" : "서울2호선"}, "geometry" : {"type":"Point","coordinates":[126.941831,37.48242]}}, {"type" : "Feature", "properties" : {"name" : "일원", "line" : "서울3호선"}, "geometry" : {"type":"Point","coordinates":[127.084845,37.483712]}}, {"type" : "Feature", "properties" : {"name" : "양재역(신분당)", "line" : "신분당선"}, "geometry" : {"type":"Point","coordinates":[127.035028,37.483613]}}, {"type" : "Feature", "properties" : {"name" : "추암", "line" : "삼척선"}, "geometry" : {"type":"Point","coordinates":[129.153115,37.482366]}}, {"type" : "Feature", "properties" : {"name" : "양재역(3호선)", "line" : "서울3호선"}, "geometry" : {"type":"Point","coordinates":[127.03387,37.48458]}}, {"type" : "Feature", "properties" : {"name" : "수서역(고속)", "line" : "SRT경부선"}, "geometry" : {"type":"Point","coordinates":[127.10447,37.485547]}}, {"type" : "Feature", "properties" : {"name" : "소사", "line" : "서울1호선"}, "geometry" : {"type":"Point","coordinates":[126.795553,37.482813]}}, {"type" : "Feature", "properties" : {"name" : "소사역(소사원시)", "line" : "서해선"}, "geometry" : {"type":"Point","coordinates":[126.79504,37.48289]}}, {"type" : "Feature", "properties" : {"name" : "남부터미널", "line" : "서울3호선"}, "geometry" : {"type":"Point","coordinates":[127.016302,37.485001]}}, {"type" : "Feature", "properties" : {"name" : "신림(2호선)", "line" : "서울2호선"}, "geometry" : {"type":"Point","coordinates":[126.929647,37.484265]}}, {"type" : "Feature", "properties" : {"name" : "문정", "line" : "서울8호선"}, "geometry" : {"type":"Point","coordinates":[127.122391,37.486]}}, {"type" : "Feature", "properties" : {"name" : "남성", "line" : "서울7호선"}, "geometry" : {"type":"Point","coordinates":[126.970633,37.484864]}}, {"type" : "Feature", "properties" : {"name" : "총신대입구역(7호선)", "line" : "서울7호선"}, "geometry" : {"type":"Point","coordinates":[126.981586,37.485266]}}, {"type" : "Feature", "properties" : {"name" : "백운", "line" : "서울1호선"}, "geometry" : {"type":"Point","coordinates":[126.706926,37.482997]}}, {"type" : "Feature", "properties" : {"name" : "구로디지털단지", "line" : "서울2호선"}, "geometry" : {"type":"Point","coordinates":[126.902769,37.485033]}}, {"type" : "Feature", "properties" : {"name" : "부천", "line" : "서울1호선"}, "geometry" : {"type":"Point","coordinates":[126.782676,37.484005]}}, {"type" : "Feature", "properties" : {"name" : "매봉", "line" : "서울3호선"}, "geometry" : {"type":"Point","coordinates":[127.045597,37.486428]}}, {"type" : "Feature", "properties" : {"name" : "구룡", "line" : "수인분당선"}, "geometry" : {"type":"Point","coordinates":[127.059437,37.487051]}}, {"type" : "Feature", "properties" : {"name" : "총신대입구역(4호선)", "line" : "서울4호선"}, "geometry" : {"type":"Point","coordinates":[126.982182,37.486523]}}, {"type" : "Feature", "properties" : {"name" : "수서역(3호선)", "line" : "서울3호선"}, "geometry" : {"type":"Point","coordinates":[127.102319,37.487525]}}, {"type" : "Feature", "properties" : {"name" : "수서역(분당)", "line" : "수인분당선"}, "geometry" : {"type":"Point","coordinates":[127.10141,37.487555]}}, {"type" : "Feature", "properties" : {"name" : "역곡", "line" : "서울1호선"}, "geometry" : {"type":"Point","coordinates":[126.811822,37.48527]}}, {"type" : "Feature", "properties" : {"name" : "삼화", "line" : "북평선"}, "geometry" : {"type":"Point","coordinates":[129.063358,37.486561]}}, {"type" : "Feature", "properties" : {"name" : "남구로", "line" : "서울7호선"}, "geometry" : {"type":"Point","coordinates":[126.887493,37.486377]}}, {"type" : "Feature", "properties" : {"name" : "가재울", "line" : "인천2호선"}, "geometry" : {"type":"Point","coordinates":[126.68337,37.484476]}}, {"type" : "Feature", "properties" : {"name" : "내방", "line" : "서울7호선"}, "geometry" : {"type":"Point","coordinates":[126.993663,37.487679]}}, {"type" : "Feature", "properties" : {"name" : "동수", "line" : "인천1호선"}, "geometry" : {"type":"Point","coordinates":[126.718056,37.485225]}}, {"type" : "Feature", "properties" : {"name" : "천왕", "line" : "서울7호선"}, "geometry" : {"type":"Point","coordinates":[126.838675,37.486739]}}, {"type" : "Feature", "properties" : {"name" : "신대방", "line" : "서울2호선"}, "geometry" : {"type":"Point","coordinates":[126.913337,37.48751]}}, {"type" : "Feature", "properties" : {"name" : "개포동", "line" : "수인분당선"}, "geometry" : {"type":"Point","coordinates":[127.066034,37.489092]}}, {"type" : "Feature", "properties" : {"name" : "중동", "line" : "서울1호선"}, "geometry" : {"type":"Point","coordinates":[126.764537,37.486723]}}, {"type" : "Feature", "properties" : {"name" : "양평역(경의)", "line" : "경의중앙선"}, "geometry" : {"type":"Point","coordinates":[127.491855,37.492847]}}, {"type" : "Feature", "properties" : {"name" : "양평역(일반)", "line" : "중앙선"}, "geometry" : {"type":"Point","coordinates":[127.491991,37.492959]}}, {"type" : "Feature", "properties" : {"name" : "양평역(고속)", "line" : "KTX강릉선"}, "geometry" : {"type":"Point","coordinates":[127.491972,37.493077]}}, {"type" : "Feature", "properties" : {"name" : "송내", "line" : "서울1호선"}, "geometry" : {"type":"Point","coordinates":[126.753115,37.487723]}}, {"type" : "Feature", "properties" : {"name" : "도곡역(3호선)", "line" : "서울3호선"}, "geometry" : {"type":"Point","coordinates":[127.055202,37.490858]}}, {"type" : "Feature", "properties" : {"name" : "대모산입구", "line" : "수인분당선"}, "geometry" : {"type":"Point","coordinates":[127.072725,37.4914]}}, {"type" : "Feature", "properties" : {"name" : "도곡역(분당)", "line" : "수인분당선"}, "geometry" : {"type":"Point","coordinates":[127.055172,37.491484]}}, {"type" : "Feature", "properties" : {"name" : "부개", "line" : "서울1호선"}, "geometry" : {"type":"Point","coordinates":[126.740623,37.48856]}}, {"type" : "Feature", "properties" : {"name" : "가락시장역(3호선)", "line" : "서울3호선"}, "geometry" : {"type":"Point","coordinates":[127.117575,37.492262]}}, {"type" : "Feature", "properties" : {"name" : "서초", "line" : "서울2호선"}, "geometry" : {"type":"Point","coordinates":[127.007701,37.491812]}}, {"type" : "Feature", "properties" : {"name" : "거여", "line" : "서울5호선"}, "geometry" : {"type":"Point","coordinates":[127.144336,37.493089]}}, {"type" : "Feature", "properties" : {"name" : "부평역(1호선)", "line" : "서울1호선"}, "geometry" : {"type":"Point","coordinates":[126.724376,37.48947]}}, {"type" : "Feature", "properties" : {"name" : "가락시장역(8호선)", "line" : "서울8호선"}, "geometry" : {"type":"Point","coordinates":[127.118121,37.493279]}}, {"type" : "Feature", "properties" : {"name" : "교대역(3호선)", "line" : "서울3호선"}, "geometry" : {"type":"Point","coordinates":[127.013807,37.492957]}}, {"type" : "Feature", "properties" : {"name" : "인천가좌", "line" : "인천2호선"}, "geometry" : {"type":"Point","coordinates":[126.67519,37.48969]}}, {"type" : "Feature", "properties" : {"name" : "부평역(인천1)", "line" : "인천1호선"}, "geometry" : {"type":"Point","coordinates":[126.723447,37.490394]}}, {"type" : "Feature", "properties" : {"name" : "대청", "line" : "서울3호선"}, "geometry" : {"type":"Point","coordinates":[127.079464,37.49385]}}, {"type" : "Feature", "properties" : {"name" : "온수역(7호선)", "line" : "서울7호선"}, "geometry" : {"type":"Point","coordinates":[126.823646,37.492009]}}, {"type" : "Feature", "properties" : {"name" : "대림역(7호선)", "line" : "서울7호선"}, "geometry" : {"type":"Point","coordinates":[126.896734,37.49285]}}, {"type" : "Feature", "properties" : {"name" : "마천", "line" : "서울5호선"}, "geometry" : {"type":"Point","coordinates":[127.152928,37.494983]}}, {"type" : "Feature", "properties" : {"name" : "교대역(2호선)", "line" : "서울2호선"}, "geometry" : {"type":"Point","coordinates":[127.014429,37.493942]}}, {"type" : "Feature", "properties" : {"name" : "대치", "line" : "서울3호선"}, "geometry" : {"type":"Point","coordinates":[127.062882,37.494383]}}, {"type" : "Feature", "properties" : {"name" : "온수역(1호선)", "line" : "서울1호선"}, "geometry" : {"type":"Point","coordinates":[126.8239,37.49243]}}, {"type" : "Feature", "properties" : {"name" : "대림역(2호선)", "line" : "서울2호선"}, "geometry" : {"type":"Point","coordinates":[126.894913,37.493346]}}, {"type" : "Feature", "properties" : {"name" : "경찰병원", "line" : "서울3호선"}, "geometry" : {"type":"Point","coordinates":[127.124383,37.495838]}}, {"type" : "Feature", "properties" : {"name" : "오류동", "line" : "서울1호선"}, "geometry" : {"type":"Point","coordinates":[126.843469,37.494144]}}, {"type" : "Feature", "properties" : {"name" : "한티", "line" : "수인분당선"}, "geometry" : {"type":"Point","coordinates":[127.052898,37.496292]}}, {"type" : "Feature", "properties" : {"name" : "개봉", "line" : "서울1호선"}, "geometry" : {"type":"Point","coordinates":[126.858608,37.494699]}}, {"type" : "Feature", "properties" : {"name" : "학여울", "line" : "서울3호선"}, "geometry" : {"type":"Point","coordinates":[127.071215,37.49686]}}, {"type" : "Feature", "properties" : {"name" : "숭실대입구", "line" : "서울7호선"}, "geometry" : {"type":"Point","coordinates":[126.953866,37.496019]}}, {"type" : "Feature", "properties" : {"name" : "강남역(신분당)", "line" : "신분당선"}, "geometry" : {"type":"Point","coordinates":[127.028061,37.496976]}}, {"type" : "Feature", "properties" : {"name" : "개롱", "line" : "서울5호선"}, "geometry" : {"type":"Point","coordinates":[127.135077,37.497939]}}, {"type" : "Feature", "properties" : {"name" : "구일", "line" : "서울1호선"}, "geometry" : {"type":"Point","coordinates":[126.869817,37.496243]}}, {"type" : "Feature", "properties" : {"name" : "강남역(2호선)", "line" : "서울2호선"}, "geometry" : {"type":"Point","coordinates":[127.027934,37.498096]}}, {"type" : "Feature", "properties" : {"name" : "운서", "line" : "인천공항철도"}, "geometry" : {"type":"Point","coordinates":[126.493744,37.492843]}}, {"type" : "Feature", "properties" : {"name" : "송파", "line" : "서울8호선"}, "geometry" : {"type":"Point","coordinates":[127.11246,37.499454]}}, {"type" : "Feature", "properties" : {"name" : "동해", "line" : "경부선"}, "geometry" : {"type":"Point","coordinates":[129.123867,37.499005]}}, {"type" : "Feature", "properties" : {"name" : "신대방삼거리", "line" : "서울7호선"}, "geometry" : {"type":"Point","coordinates":[126.92827,37.49973]}}, {"type" : "Feature", "properties" : {"name" : "역삼", "line" : "서울2호선"}, "geometry" : {"type":"Point","coordinates":[127.036952,37.500817]}}, {"type" : "Feature", "properties" : {"name" : "보라매", "line" : "서울7호선"}, "geometry" : {"type":"Point","coordinates":[126.920347,37.499918]}}, {"type" : "Feature", "properties" : {"name" : "신풍", "line" : "서울7호선"}, "geometry" : {"type":"Point","coordinates":[126.909087,37.500141]}}, {"type" : "Feature", "properties" : {"name" : "오금역(5호선)", "line" : "서울5호선"}, "geometry" : {"type":"Point","coordinates":[127.127874,37.502198]}}, {"type" : "Feature", "properties" : {"name" : "부평시장", "line" : "인천1호선"}, "geometry" : {"type":"Point","coordinates":[126.722292,37.498568]}}, {"type" : "Feature", "properties" : {"name" : "오금역(3호선)", "line" : "서울3호선"}, "geometry" : {"type":"Point","coordinates":[127.128488,37.502336]}}, {"type" : "Feature", "properties" : {"name" : "구반포", "line" : "서울9호선"}, "geometry" : {"type":"Point","coordinates":[126.987551,37.501491]}}, {"type" : "Feature", "properties" : {"name" : "석촌고분", "line" : "서울9호선"}, "geometry" : {"type":"Point","coordinates":[127.09694,37.50246]}}, {"type" : "Feature", "properties" : {"name" : "서부여성회관", "line" : "인천2호선"}, "geometry" : {"type":"Point","coordinates":[126.675781,37.499541]}}, {"type" : "Feature", "properties" : {"name" : "오빈", "line" : "KTX강릉선"}, "geometry" : {"type":"Point","coordinates":[127.474062,37.506063]}}, {"type" : "Feature", "properties" : {"name" : "동작역(9호선)", "line" : "서울9호선"}, "geometry" : {"type":"Point","coordinates":[126.97813,37.502928]}}, {"type" : "Feature", "properties" : {"name" : "동작역(4호선)", "line" : "서울4호선"}, "geometry" : {"type":"Point","coordinates":[126.980344,37.502996]}}, {"type" : "Feature", "properties" : {"name" : "고속터미널역(7호선)", "line" : "서울7호선"}, "geometry" : {"type":"Point","coordinates":[127.004855,37.503283]}}, {"type" : "Feature", "properties" : {"name" : "상도", "line" : "서울7호선"}, "geometry" : {"type":"Point","coordinates":[126.947876,37.502912]}}, {"type" : "Feature", "properties" : {"name" : "구로역(1-2호선)", "line" : "KTX경부선"}, "geometry" : {"type":"Point","coordinates":[126.881504,37.502399]}}, {"type" : "Feature", "properties" : {"name" : "신반포", "line" : "서울9호선"}, "geometry" : {"type":"Point","coordinates":[126.996051,37.50355]}}, {"type" : "Feature", "properties" : {"name" : "구로역(1-1호선)", "line" : "서울1호선"}, "geometry" : {"type":"Point","coordinates":[126.881206,37.502604]}}, {"type" : "Feature", "properties" : {"name" : "삼전", "line" : "서울9호선"}, "geometry" : {"type":"Point","coordinates":[127.08788,37.504401]}}, {"type" : "Feature", "properties" : {"name" : "선릉역(2호선)", "line" : "서울2호선"}, "geometry" : {"type":"Point","coordinates":[127.048719,37.504433]}}, {"type" : "Feature", "properties" : {"name" : "사평", "line" : "서울9호선"}, "geometry" : {"type":"Point","coordinates":[127.015343,37.504217]}}, {"type" : "Feature", "properties" : {"name" : "석촌역(9호선)", "line" : "서울9호선"}, "geometry" : {"type":"Point","coordinates":[127.107014,37.505137]}}, {"type" : "Feature", "properties" : {"name" : "신논현", "line" : "서울9호선"}, "geometry" : {"type":"Point","coordinates":[127.024607,37.504552]}}, {"type" : "Feature", "properties" : {"name" : "석촌", "line" : "서울8호선"}, "geometry" : {"type":"Point","coordinates":[127.107203,37.505235]}}, {"type" : "Feature", "properties" : {"name" : "선릉역(분당)", "line" : "수인분당선"}, "geometry" : {"type":"Point","coordinates":[127.048861,37.504842]}}, {"type" : "Feature", "properties" : {"name" : "고속터미널역(3호선)", "line" : "서울3호선"}, "geometry" : {"type":"Point","coordinates":[127.004934,37.504869]}}, {"type" : "Feature", "properties" : {"name" : "신중동", "line" : "서울7호선"}, "geometry" : {"type":"Point","coordinates":[126.776097,37.503044]}}, {"type" : "Feature", "properties" : {"name" : "장승배기", "line" : "서울7호선"}, "geometry" : {"type":"Point","coordinates":[126.939357,37.50507]}}, {"type" : "Feature", "properties" : {"name" : "춘의", "line" : "서울7호선"}, "geometry" : {"type":"Point","coordinates":[126.787114,37.503736]}}, {"type" : "Feature", "properties" : {"name" : "고속터미널역(9호선)", "line" : "서울9호선"}, "geometry" : {"type":"Point","coordinates":[127.00391,37.505896]}}, {"type" : "Feature", "properties" : {"name" : "둔내", "line" : "KTX강릉선"}, "geometry" : {"type":"Point","coordinates":[128.221289,37.510232]}}, {"type" : "Feature", "properties" : {"name" : "부천시청", "line" : "서울7호선"}, "geometry" : {"type":"Point","coordinates":[126.763623,37.504686]}}, {"type" : "Feature", "properties" : {"name" : "언주", "line" : "서울9호선"}, "geometry" : {"type":"Point","coordinates":[127.033888,37.507326]}}, {"type" : "Feature", "properties" : {"name" : "부천종합운동장", "line" : "서울7호선"}, "geometry" : {"type":"Point","coordinates":[126.797436,37.505446]}}, {"type" : "Feature", "properties" : {"name" : "방이", "line" : "서울5호선"}, "geometry" : {"type":"Point","coordinates":[127.12603,37.508639]}}, {"type" : "Feature", "properties" : {"name" : "까치울", "line" : "서울7호선"}, "geometry" : {"type":"Point","coordinates":[126.811199,37.506233]}}, {"type" : "Feature", "properties" : {"name" : "반포", "line" : "서울7호선"}, "geometry" : {"type":"Point","coordinates":[127.011477,37.508127]}}, {"type" : "Feature", "properties" : {"name" : "상동(지하)", "line" : "서울7호선"}, "geometry" : {"type":"Point","coordinates":[126.753164,37.505819]}}, {"type" : "Feature", "properties" : {"name" : "삼성(2호선)", "line" : "서울2호선"}, "geometry" : {"type":"Point","coordinates":[127.063132,37.508916]}}, {"type" : "Feature", "properties" : {"name" : "삼산체육관", "line" : "서울7호선"}, "geometry" : {"type":"Point","coordinates":[126.742093,37.506468]}}, {"type" : "Feature", "properties" : {"name" : "신도림역(2-1호선)", "line" : "서울2호선"}, "geometry" : {"type":"Point","coordinates":[126.891522,37.508288]}}, {"type" : "Feature", "properties" : {"name" : "송파나루", "line" : "서울9호선"}, "geometry" : {"type":"Point","coordinates":[127.112192,37.510262]}}, {"type" : "Feature", "properties" : {"name" : "신도림역(2호선)", "line" : "서울2호선"}, "geometry" : {"type":"Point","coordinates":[126.891515,37.50842]}}, {"type" : "Feature", "properties" : {"name" : "흑석", "line" : "서울9호선"}, "geometry" : {"type":"Point","coordinates":[126.963502,37.509109]}}, {"type" : "Feature", "properties" : {"name" : "굴포천", "line" : "서울7호선"}, "geometry" : {"type":"Point","coordinates":[126.731349,37.50702]}}, {"type" : "Feature", "properties" : {"name" : "신도림역(일반)", "line" : "KTX경부선"}, "geometry" : {"type":"Point","coordinates":[126.891323,37.508839]}}, {"type" : "Feature", "properties" : {"name" : "신도림역(1호선)", "line" : "광명셔틀"}, "geometry" : {"type":"Point","coordinates":[126.891286,37.508901]}}, {"type" : "Feature", "properties" : {"name" : "선정릉역(9호선)", "line" : "서울9호선"}, "geometry" : {"type":"Point","coordinates":[127.044228,37.510383]}}, {"type" : "Feature", "properties" : {"name" : "부평구청역(7호선)", "line" : "서울7호선"}, "geometry" : {"type":"Point","coordinates":[126.72138,37.507466]}}, {"type" : "Feature", "properties" : {"name" : "종합운동장역(2호선)", "line" : "서울2호선"}, "geometry" : {"type":"Point","coordinates":[127.073819,37.511141]}}, {"type" : "Feature", "properties" : {"name" : "선정릉역(분당)", "line" : "수인분당선"}, "geometry" : {"type":"Point","coordinates":[127.043601,37.510967]}}, {"type" : "Feature", "properties" : {"name" : "논현", "line" : "서울7호선"}, "geometry" : {"type":"Point","coordinates":[127.0213,37.511095]}}, {"type" : "Feature", "properties" : {"name" : "잠실새내", "line" : "서울2호선"}, "geometry" : {"type":"Point","coordinates":[127.085784,37.511623]}}, {"type" : "Feature", "properties" : {"name" : "종합운동장역(9호선)", "line" : "서울9호선"}, "geometry" : {"type":"Point","coordinates":[127.075889,37.511616]}}, {"type" : "Feature", "properties" : {"name" : "아신", "line" : "KTX강릉선"}, "geometry" : {"type":"Point","coordinates":[127.443308,37.513951]}}, {"type" : "Feature", "properties" : {"name" : "부평구청역(인천1)", "line" : "인천1호선"}, "geometry" : {"type":"Point","coordinates":[126.720588,37.508491]}}, {"type" : "Feature", "properties" : {"name" : "석남", "line" : "인천2호선"}, "geometry" : {"type":"Point","coordinates":[126.676278,37.508111]}}, {"type" : "Feature", "properties" : {"name" : "잠실역(2호선)", "line" : "서울2호선"}, "geometry" : {"type":"Point","coordinates":[127.10019,37.513312]}}, {"type" : "Feature", "properties" : {"name" : "삼성중앙", "line" : "서울9호선"}, "geometry" : {"type":"Point","coordinates":[127.053327,37.513035]}}, {"type" : "Feature", "properties" : {"name" : "잠원", "line" : "서울3호선"}, "geometry" : {"type":"Point","coordinates":[127.011578,37.512979]}}, {"type" : "Feature", "properties" : {"name" : "노들", "line" : "서울9호선"}, "geometry" : {"type":"Point","coordinates":[126.953033,37.512682]}}, {"type" : "Feature", "properties" : {"name" : "잠실역(8호선)", "line" : "서울8호선"}, "geometry" : {"type":"Point","coordinates":[127.103447,37.514391]}}, {"type" : "Feature", "properties" : {"name" : "국수", "line" : "KTX강릉선"}, "geometry" : {"type":"Point","coordinates":[127.399552,37.516288]}}, {"type" : "Feature", "properties" : {"name" : "봉은사", "line" : "서울9호선"}, "geometry" : {"type":"Point","coordinates":[127.060222,37.514252]}}, {"type" : "Feature", "properties" : {"name" : "학동", "line" : "서울7호선"}, "geometry" : {"type":"Point","coordinates":[127.030794,37.514041]}}, {"type" : "Feature", "properties" : {"name" : "양천구청", "line" : "서울2호선"}, "geometry" : {"type":"Point","coordinates":[126.866011,37.512686]}}, {"type" : "Feature", "properties" : {"name" : "대방", "line" : "KTX경부선"}, "geometry" : {"type":"Point","coordinates":[126.926234,37.513349]}}, {"type" : "Feature", "properties" : {"name" : "노량진역(9호선)", "line" : "서울9호선"}, "geometry" : {"type":"Point","coordinates":[126.940738,37.513582]}}, {"type" : "Feature", "properties" : {"name" : "한성백제", "line" : "서울9호선"}, "geometry" : {"type":"Point","coordinates":[127.115228,37.515174]}}, {"type" : "Feature", "properties" : {"name" : "노량진역(1호선)", "line" : "서울1호선"}, "geometry" : {"type":"Point","coordinates":[126.941919,37.51405]}}, {"type" : "Feature", "properties" : {"name" : "노량진역(일반)", "line" : "KTX경부선"}, "geometry" : {"type":"Point","coordinates":[126.941931,37.514271]}}, {"type" : "Feature", "properties" : {"name" : "구절리", "line" : "정선선"}, "geometry" : {"type":"Point","coordinates":[128.725625,37.517205]}}, {"type" : "Feature", "properties" : {"name" : "도림천", "line" : "서울2호선"}, "geometry" : {"type":"Point","coordinates":[126.883017,37.514264]}}, {"type" : "Feature", "properties" : {"name" : "올림픽공원역(9호선)", "line" : "서울9호선"}, "geometry" : {"type":"Point","coordinates":[127.131464,37.516899]}}, {"type" : "Feature", "properties" : {"name" : "올림픽공원", "line" : "서울5호선"}, "geometry" : {"type":"Point","coordinates":[127.131408,37.516931]}}, {"type" : "Feature", "properties" : {"name" : "영등포역(일반)", "line" : "경부선"}, "geometry" : {"type":"Point","coordinates":[126.907703,37.51522]}}, {"type" : "Feature", "properties" : {"name" : "신사", "line" : "서울3호선"}, "geometry" : {"type":"Point","coordinates":[127.019883,37.516267]}}, {"type" : "Feature", "properties" : {"name" : "영등포역(고속)", "line" : "KTX경부선"}, "geometry" : {"type":"Point","coordinates":[126.907575,37.51541]}}, {"type" : "Feature", "properties" : {"name" : "강남구청역(분당)", "line" : "수인분당선"}, "geometry" : {"type":"Point","coordinates":[127.041508,37.516608]}}, {"type" : "Feature", "properties" : {"name" : "영등포역(1호선)", "line" : "광명셔틀"}, "geometry" : {"type":"Point","coordinates":[126.907416,37.515629]}}, {"type" : "Feature", "properties" : {"name" : "몽촌토성", "line" : "서울8호선"}, "geometry" : {"type":"Point","coordinates":[127.112733,37.517515]}}, {"type" : "Feature", "properties" : {"name" : "강남구청역(7호선)", "line" : "서울7호선"}, "geometry" : {"type":"Point","coordinates":[127.040983,37.517136]}}, {"type" : "Feature", "properties" : {"name" : "영종", "line" : "인천공항철도"}, "geometry" : {"type":"Point","coordinates":[126.525027,37.512102]}}, {"type" : "Feature", "properties" : {"name" : "신길역(1호선)", "line" : "KTX경부선"}, "geometry" : {"type":"Point","coordinates":[126.918441,37.516752]}}, {"type" : "Feature", "properties" : {"name" : "둔촌오륜", "line" : "서울9호선"}, "geometry" : {"type":"Point","coordinates":[127.139989,37.518684]}}, {"type" : "Feature", "properties" : {"name" : "샛강", "line" : "서울9호선"}, "geometry" : {"type":"Point","coordinates":[126.928571,37.517293]}}, {"type" : "Feature", "properties" : {"name" : "신길역(5호선)", "line" : "서울5호선"}, "geometry" : {"type":"Point","coordinates":[126.914878,37.517665]}}, {"type" : "Feature", "properties" : {"name" : "청담", "line" : "서울7호선"}, "geometry" : {"type":"Point","coordinates":[127.053577,37.519429]}}, {"type" : "Feature", "properties" : {"name" : "문래", "line" : "서울2호선"}, "geometry" : {"type":"Point","coordinates":[126.894874,37.518261]}}, {"type" : "Feature", "properties" : {"name" : "갈산", "line" : "인천1호선"}, "geometry" : {"type":"Point","coordinates":[126.721495,37.516537]}}, {"type" : "Feature", "properties" : {"name" : "서빙고", "line" : "KTX강릉선"}, "geometry" : {"type":"Point","coordinates":[126.988502,37.51959]}}, {"type" : "Feature", "properties" : {"name" : "가정중앙시장", "line" : "인천2호선"}, "geometry" : {"type":"Point","coordinates":[126.676581,37.516614]}}, {"type" : "Feature", "properties" : {"name" : "잠실나루역", "line" : "서울2호선"}, "geometry" : {"type":"Point","coordinates":[127.103869,37.520749]}}, {"type" : "Feature", "properties" : {"name" : "신정네거리", "line" : "서울2호선"}, "geometry" : {"type":"Point","coordinates":[126.852914,37.520193]}}, {"type" : "Feature", "properties" : {"name" : "여의도역(9호선)", "line" : "서울9호선"}, "geometry" : {"type":"Point","coordinates":[126.924448,37.521392]}}, {"type" : "Feature", "properties" : {"name" : "여의도역(5호선)", "line" : "서울5호선"}, "geometry" : {"type":"Point","coordinates":[126.924588,37.521894]}}, {"type" : "Feature", "properties" : {"name" : "이촌역(4호선)", "line" : "서울4호선"}, "geometry" : {"type":"Point","coordinates":[126.97455,37.522362]}}, {"type" : "Feature", "properties" : {"name" : "이촌역(경의)", "line" : "KTX강릉선"}, "geometry" : {"type":"Point","coordinates":[126.973358,37.52246]}}, {"type" : "Feature", "properties" : {"name" : "신원", "line" : "KTX강릉선"}, "geometry" : {"type":"Point","coordinates":[127.372253,37.526081]}}, {"type" : "Feature", "properties" : {"name" : "영등포시장", "line" : "서울5호선"}, "geometry" : {"type":"Point","coordinates":[126.905113,37.52269]}}, {"type" : "Feature", "properties" : {"name" : "영등포구청역(5호선)", "line" : "서울5호선"}, "geometry" : {"type":"Point","coordinates":[126.895456,37.524182]}}, {"type" : "Feature", "properties" : {"name" : "오목교", "line" : "서울5호선"}, "geometry" : {"type":"Point","coordinates":[126.876068,37.524409]}}, {"type" : "Feature", "properties" : {"name" : "신정", "line" : "서울5호선"}, "geometry" : {"type":"Point","coordinates":[126.856128,37.525043]}}, {"type" : "Feature", "properties" : {"name" : "둔촌동", "line" : "서울5호선"}, "geometry" : {"type":"Point","coordinates":[127.136215,37.527663]}}, {"type" : "Feature", "properties" : {"name" : "압구정", "line" : "서울3호선"}, "geometry" : {"type":"Point","coordinates":[127.028601,37.526851]}}, {"type" : "Feature", "properties" : {"name" : "양평(5호선)", "line" : "서울5호선"}, "geometry" : {"type":"Point","coordinates":[126.886257,37.525599]}}, {"type" : "Feature", "properties" : {"name" : "영등포구청역(2호선)", "line" : "서울2호선"}, "geometry" : {"type":"Point","coordinates":[126.896679,37.525846]}}, {"type" : "Feature", "properties" : {"name" : "압구정로데오", "line" : "수인분당선"}, "geometry" : {"type":"Point","coordinates":[127.040558,37.527343]}}, {"type" : "Feature", "properties" : {"name" : "중앙보훈병원", "line" : "서울9호선"}, "geometry" : {"type":"Point","coordinates":[127.148438,37.528462]}}, {"type" : "Feature", "properties" : {"name" : "목동", "line" : "서울5호선"}, "geometry" : {"type":"Point","coordinates":[126.864323,37.526166]}}, {"type" : "Feature", "properties" : {"name" : "여의나루", "line" : "서울5호선"}, "geometry" : {"type":"Point","coordinates":[126.932597,37.526884]}}, {"type" : "Feature", "properties" : {"name" : "가정", "line" : "인천2호선"}, "geometry" : {"type":"Point","coordinates":[126.675335,37.524729]}}, {"type" : "Feature", "properties" : {"name" : "국회의사당", "line" : "서울9호선"}, "geometry" : {"type":"Point","coordinates":[126.917445,37.528498]}}, {"type" : "Feature", "properties" : {"name" : "한남", "line" : "KTX강릉선"}, "geometry" : {"type":"Point","coordinates":[127.009043,37.529397]}}, {"type" : "Feature", "properties" : {"name" : "강동구청", "line" : "서울8호선"}, "geometry" : {"type":"Point","coordinates":[127.120523,37.530413]}}, {"type" : "Feature", "properties" : {"name" : "신용산", "line" : "서울4호선"}, "geometry" : {"type":"Point","coordinates":[126.968208,37.529566]}}, {"type" : "Feature", "properties" : {"name" : "용산역(경의)", "line" : "경의중앙선"}, "geometry" : {"type":"Point","coordinates":[126.964754,37.529604]}}, {"type" : "Feature", "properties" : {"name" : "용산역(1호선)", "line" : "서울1호선"}, "geometry" : {"type":"Point","coordinates":[126.964529,37.529728]}}, {"type" : "Feature", "properties" : {"name" : "용산역(일반)", "line" : "ITX청춘"}, "geometry" : {"type":"Point","coordinates":[126.964325,37.529851]}}, {"type" : "Feature", "properties" : {"name" : "용산역(고속)", "line" : "KTX강릉선"}, "geometry" : {"type":"Point","coordinates":[126.96415,37.529961]}}, {"type" : "Feature", "properties" : {"name" : "뚝섬유원지", "line" : "서울7호선"}, "geometry" : {"type":"Point","coordinates":[127.066693,37.531533]}}, {"type" : "Feature", "properties" : {"name" : "까치산역(2-1호선)", "line" : "서울2호선"}, "geometry" : {"type":"Point","coordinates":[126.846861,37.531448]}}, {"type" : "Feature", "properties" : {"name" : "작전", "line" : "인천1호선"}, "geometry" : {"type":"Point","coordinates":[126.722535,37.530228]}}, {"type" : "Feature", "properties" : {"name" : "까치산역(5호선)", "line" : "서울5호선"}, "geometry" : {"type":"Point","coordinates":[126.84647,37.532223]}}, {"type" : "Feature", "properties" : {"name" : "강변", "line" : "서울2호선"}, "geometry" : {"type":"Point","coordinates":[127.094756,37.535213]}}, {"type" : "Feature", "properties" : {"name" : "이태원", "line" : "서울6호선"}, "geometry" : {"type":"Point","coordinates":[126.993904,37.534474]}}, {"type" : "Feature", "properties" : {"name" : "당산역(9호선)", "line" : "서울9호선"}, "geometry" : {"type":"Point","coordinates":[126.902416,37.533661]}}, {"type" : "Feature", "properties" : {"name" : "삼각지역(4호선)", "line" : "서울4호선"}, "geometry" : {"type":"Point","coordinates":[126.97276,37.534303]}}, {"type" : "Feature", "properties" : {"name" : "강동역(5호선)", "line" : "서울5호선"}, "geometry" : {"type":"Point","coordinates":[127.132256,37.535814]}}, {"type" : "Feature", "properties" : {"name" : "강동역(5-1호선)", "line" : "서울5호선"}, "geometry" : {"type":"Point","coordinates":[127.132355,37.536016]}}, {"type" : "Feature", "properties" : {"name" : "녹사평", "line" : "서울6호선"}, "geometry" : {"type":"Point","coordinates":[126.986596,37.535001]}}, {"type" : "Feature", "properties" : {"name" : "당산역(2호선)", "line" : "서울2호선"}, "geometry" : {"type":"Point","coordinates":[126.902663,37.534864]}}, {"type" : "Feature", "properties" : {"name" : "삼각지역(6호선)", "line" : "서울6호선"}, "geometry" : {"type":"Point","coordinates":[126.974027,37.535657]}}, {"type" : "Feature", "properties" : {"name" : "구의", "line" : "서울2호선"}, "geometry" : {"type":"Point","coordinates":[127.085525,37.536983]}}, {"type" : "Feature", "properties" : {"name" : "길동", "line" : "서울5호선"}, "geometry" : {"type":"Point","coordinates":[127.140042,37.537893]}}, {"type" : "Feature", "properties" : {"name" : "천호역(8호선)", "line" : "서울8호선"}, "geometry" : {"type":"Point","coordinates":[127.123187,37.537998]}}, {"type" : "Feature", "properties" : {"name" : "천호역(5호선)", "line" : "서울5호선"}, "geometry" : {"type":"Point","coordinates":[127.12402,37.538492]}}, {"type" : "Feature", "properties" : {"name" : "효창공원앞(경의)", "line" : "경의중앙선"}, "geometry" : {"type":"Point","coordinates":[126.962778,37.538619]}}, {"type" : "Feature", "properties" : {"name" : "선유도", "line" : "서울9호선"}, "geometry" : {"type":"Point","coordinates":[126.893812,37.538111]}}, {"type" : "Feature", "properties" : {"name" : "효창공원앞(6호선)", "line" : "서울6호선"}, "geometry" : {"type":"Point","coordinates":[126.961344,37.539279]}}, {"type" : "Feature", "properties" : {"name" : "한강진", "line" : "서울6호선"}, "geometry" : {"type":"Point","coordinates":[127.001895,37.539636]}}, {"type" : "Feature", "properties" : {"name" : "마포", "line" : "서울5호선"}, "geometry" : {"type":"Point","coordinates":[126.9453,37.539158]}}, {"type" : "Feature", "properties" : {"name" : "건대입구역(2호선)", "line" : "서울2호선"}, "geometry" : {"type":"Point","coordinates":[127.06908,37.540426]}}, {"type" : "Feature", "properties" : {"name" : "건대입구역(7호선)", "line" : "서울7호선"}, "geometry" : {"type":"Point","coordinates":[127.071135,37.540964]}}, {"type" : "Feature", "properties" : {"name" : "경인교대입구", "line" : "인천1호선"}, "geometry" : {"type":"Point","coordinates":[126.72266,37.537716]}}, {"type" : "Feature", "properties" : {"name" : "옥수역(경의)", "line" : "경의중앙선"}, "geometry" : {"type":"Point","coordinates":[127.018834,37.540573]}}, {"type" : "Feature", "properties" : {"name" : "옥수역(일반)", "line" : "KTX강릉선"}, "geometry" : {"type":"Point","coordinates":[127.018731,37.540663]}}, {"type" : "Feature", "properties" : {"name" : "남영", "line" : "KTX강릉선"}, "geometry" : {"type":"Point","coordinates":[126.971244,37.540328]}}, {"type" : "Feature", "properties" : {"name" : "묵호항", "line" : "묵호항선"}, "geometry" : {"type":"Point","coordinates":[129.112146,37.540329]}}, {"type" : "Feature", "properties" : {"name" : "옥수역(3호선)", "line" : "서울3호선"}, "geometry" : {"type":"Point","coordinates":[127.017281,37.541736]}}, {"type" : "Feature", "properties" : {"name" : "공덕역(공항)", "line" : "인천공항철도"}, "geometry" : {"type":"Point","coordinates":[126.952436,37.542364]}}, {"type" : "Feature", "properties" : {"name" : "공덕역(경의)", "line" : "경의중앙선"}, "geometry" : {"type":"Point","coordinates":[126.952325,37.542668]}}, {"type" : "Feature", "properties" : {"name" : "화곡", "line" : "서울5호선"}, "geometry" : {"type":"Point","coordinates":[126.840414,37.541658]}}, {"type" : "Feature", "properties" : {"name" : "서울숲", "line" : "수인분당선"}, "geometry" : {"type":"Point","coordinates":[127.044682,37.543602]}}, {"type" : "Feature", "properties" : {"name" : "양수", "line" : "KTX강릉선"}, "geometry" : {"type":"Point","coordinates":[127.329118,37.545763]}}, {"type" : "Feature", "properties" : {"name" : "굽은다리", "line" : "서울5호선"}, "geometry" : {"type":"Point","coordinates":[127.14269,37.545091]}}, {"type" : "Feature", "properties" : {"name" : "성수역(2호선)", "line" : "서울2호선"}, "geometry" : {"type":"Point","coordinates":[127.056237,37.544445]}}, {"type" : "Feature", "properties" : {"name" : "공덕역(6호선)", "line" : "서울6호선"}, "geometry" : {"type":"Point","coordinates":[126.951762,37.543587]}}, {"type" : "Feature", "properties" : {"name" : "성수역(2-2호선)", "line" : "서울2호선"}, "geometry" : {"type":"Point","coordinates":[127.056303,37.54458]}}, {"type" : "Feature", "properties" : {"name" : "광나루", "line" : "서울5호선"}, "geometry" : {"type":"Point","coordinates":[127.104315,37.545109]}}, {"type" : "Feature", "properties" : {"name" : "공덕역(5호선)", "line" : "서울5호선"}, "geometry" : {"type":"Point","coordinates":[126.951378,37.544451]}}, {"type" : "Feature", "properties" : {"name" : "숙대입구", "line" : "서울4호선"}, "geometry" : {"type":"Point","coordinates":[126.972002,37.545113]}}, {"type" : "Feature", "properties" : {"name" : "팔당", "line" : "KTX강릉선"}, "geometry" : {"type":"Point","coordinates":[127.243742,37.547337]}}, {"type" : "Feature", "properties" : {"name" : "신목동", "line" : "서울9호선"}, "geometry" : {"type":"Point","coordinates":[126.883152,37.544486]}}, {"type" : "Feature", "properties" : {"name" : "계산", "line" : "인천1호선"}, "geometry" : {"type":"Point","coordinates":[126.728501,37.543249]}}, {"type" : "Feature", "properties" : {"name" : "어린이대공원", "line" : "서울7호선"}, "geometry" : {"type":"Point","coordinates":[127.074189,37.547257]}}, {"type" : "Feature", "properties" : {"name" : "뚝섬", "line" : "서울2호선"}, "geometry" : {"type":"Point","coordinates":[127.047036,37.547345]}}, {"type" : "Feature", "properties" : {"name" : "서구청", "line" : "인천2호선"}, "geometry" : {"type":"Point","coordinates":[126.676835,37.543933]}}, {"type" : "Feature", "properties" : {"name" : "임학", "line" : "인천1호선"}, "geometry" : {"type":"Point","coordinates":[126.738568,37.544853]}}, {"type" : "Feature", "properties" : {"name" : "버티고개", "line" : "서울6호선"}, "geometry" : {"type":"Point","coordinates":[127.00708,37.548004]}}, {"type" : "Feature", "properties" : {"name" : "금호", "line" : "서울3호선"}, "geometry" : {"type":"Point","coordinates":[127.015821,37.548165]}}, {"type" : "Feature", "properties" : {"name" : "광흥창", "line" : "서울6호선"}, "geometry" : {"type":"Point","coordinates":[126.931945,37.547439]}}, {"type" : "Feature", "properties" : {"name" : "염창", "line" : "서울9호선"}, "geometry" : {"type":"Point","coordinates":[126.874071,37.546993]}}, {"type" : "Feature", "properties" : {"name" : "상수", "line" : "서울6호선"}, "geometry" : {"type":"Point","coordinates":[126.922965,37.54772]}}, {"type" : "Feature", "properties" : {"name" : "대흥", "line" : "서울6호선"}, "geometry" : {"type":"Point","coordinates":[126.941888,37.547892]}}, {"type" : "Feature", "properties" : {"name" : "묵호", "line" : "동해~강릉 셔틀"}, "geometry" : {"type":"Point","coordinates":[129.107793,37.54762]}}, {"type" : "Feature", "properties" : {"name" : "암사", "line" : "서울8호선"}, "geometry" : {"type":"Point","coordinates":[127.127526,37.550134]}}, {"type" : "Feature", "properties" : {"name" : "우장산", "line" : "서울5호선"}, "geometry" : {"type":"Point","coordinates":[126.836322,37.548316]}}, {"type" : "Feature", "properties" : {"name" : "응봉", "line" : "KTX강릉선"}, "geometry" : {"type":"Point","coordinates":[127.034881,37.550105]}}, {"type" : "Feature", "properties" : {"name" : "합정역(6호선)", "line" : "서울6호선"}, "geometry" : {"type":"Point","coordinates":[126.913388,37.549288]}}, {"type" : "Feature", "properties" : {"name" : "합정역(2호선)", "line" : "서울2호선"}, "geometry" : {"type":"Point","coordinates":[126.914229,37.549801]}}, {"type" : "Feature", "properties" : {"name" : "명일", "line" : "서울5호선"}, "geometry" : {"type":"Point","coordinates":[127.144055,37.551894]}}, {"type" : "Feature", "properties" : {"name" : "아차산", "line" : "서울5호선"}, "geometry" : {"type":"Point","coordinates":[127.089699,37.551922]}}, {"type" : "Feature", "properties" : {"name" : "운길산", "line" : "KTX강릉선"}, "geometry" : {"type":"Point","coordinates":[127.309918,37.554199]}}, {"type" : "Feature", "properties" : {"name" : "등촌", "line" : "서울9호선"}, "geometry" : {"type":"Point","coordinates":[126.865554,37.550835]}}, {"type" : "Feature", "properties" : {"name" : "애오개", "line" : "서울5호선"}, "geometry" : {"type":"Point","coordinates":[126.956051,37.552161]}}, {"type" : "Feature", "properties" : {"name" : "서강대", "line" : "경의중앙선"}, "geometry" : {"type":"Point","coordinates":[126.935243,37.552309]}}, {"type" : "Feature", "properties" : {"name" : "서울역(4호선)", "line" : "서울4호선"}, "geometry" : {"type":"Point","coordinates":[126.972603,37.552896]}}, {"type" : "Feature", "properties" : {"name" : "고덕", "line" : "서울5호선"}, "geometry" : {"type":"Point","coordinates":[127.153628,37.554956]}}, {"type" : "Feature", "properties" : {"name" : "약수역(6호선)", "line" : "서울6호선"}, "geometry" : {"type":"Point","coordinates":[127.010119,37.55393]}}, {"type" : "Feature", "properties" : {"name" : "서울역(공항)", "line" : "인천공항철도"}, "geometry" : {"type":"Point","coordinates":[126.969712,37.553754]}}, {"type" : "Feature", "properties" : {"name" : "신금호", "line" : "서울5호선"}, "geometry" : {"type":"Point","coordinates":[127.020092,37.554635]}}, {"type" : "Feature", "properties" : {"name" : "약수역(3호선)", "line" : "서울3호선"}, "geometry" : {"type":"Point","coordinates":[127.010762,37.554626]}}, {"type" : "Feature", "properties" : {"name" : "아시아드경기장", "line" : "인천2호선"}, "geometry" : {"type":"Point","coordinates":[126.677115,37.551567]}}, {"type" : "Feature", "properties" : {"name" : "서울역(고속)", "line" : "KTX강릉선"}, "geometry" : {"type":"Point","coordinates":[126.97012,37.554558]}}, {"type" : "Feature", "properties" : {"name" : "서울역(일반)", "line" : "경부선"}, "geometry" : {"type":"Point","coordinates":[126.970598,37.55473]}}, {"type" : "Feature", "properties" : {"name" : "한양대", "line" : "서울2호선"}, "geometry" : {"type":"Point","coordinates":[127.043623,37.555486]}}, {"type" : "Feature", "properties" : {"name" : "상일동", "line" : "서울5호선"}, "geometry" : {"type":"Point","coordinates":[127.16566,37.556648]}}, {"type" : "Feature", "properties" : {"name" : "신촌(2호선)", "line" : "서울2호선"}, "geometry" : {"type":"Point","coordinates":[126.936818,37.555138]}}, {"type" : "Feature", "properties" : {"name" : "서울역(1호선)", "line" : "서울1호선"}, "geometry" : {"type":"Point","coordinates":[126.97208,37.555746]}}, {"type" : "Feature", "properties" : {"name" : "박촌", "line" : "인천1호선"}, "geometry" : {"type":"Point","coordinates":[126.745106,37.554068]}}, {"type" : "Feature", "properties" : {"name" : "군자역(5호선)", "line" : "서울5호선"}, "geometry" : {"type":"Point","coordinates":[127.07928,37.55725]}}, {"type" : "Feature", "properties" : {"name" : "망원", "line" : "서울6호선"}, "geometry" : {"type":"Point","coordinates":[126.910267,37.555864]}}, {"type" : "Feature", "properties" : {"name" : "군자역(7호선)", "line" : "서울7호선"}, "geometry" : {"type":"Point","coordinates":[127.079648,37.557434]}}, {"type" : "Feature", "properties" : {"name" : "행당", "line" : "서울5호선"}, "geometry" : {"type":"Point","coordinates":[127.029048,37.557093]}}, {"type" : "Feature", "properties" : {"name" : "이대", "line" : "서울2호선"}, "geometry" : {"type":"Point","coordinates":[126.9459,37.556749]}}, {"type" : "Feature", "properties" : {"name" : "서울역(경의)", "line" : "경의선"}, "geometry" : {"type":"Point","coordinates":[126.971273,37.557195]}}, {"type" : "Feature", "properties" : {"name" : "홍대입구역(2호선)", "line" : "서울2호선"}, "geometry" : {"type":"Point","coordinates":[126.923883,37.556906]}}, {"type" : "Feature", "properties" : {"name" : "아현", "line" : "서울2호선"}, "geometry" : {"type":"Point","coordinates":[126.956206,37.557357]}}, {"type" : "Feature", "properties" : {"name" : "홍대입구역(경의)", "line" : "경의중앙선"}, "geometry" : {"type":"Point","coordinates":[126.927322,37.557338]}}, {"type" : "Feature", "properties" : {"name" : "홍대입구역(공항)", "line" : "인천공항철도"}, "geometry" : {"type":"Point","coordinates":[126.926787,37.557425]}}, {"type" : "Feature", "properties" : {"name" : "증미", "line" : "서울9호선"}, "geometry" : {"type":"Point","coordinates":[126.862381,37.557302]}}, {"type" : "Feature", "properties" : {"name" : "동대입구", "line" : "서울3호선"}, "geometry" : {"type":"Point","coordinates":[127.005818,37.559091]}}, {"type" : "Feature", "properties" : {"name" : "평창", "line" : "KTX강릉선"}, "geometry" : {"type":"Point","coordinates":[128.429483,37.562567]}}, {"type" : "Feature", "properties" : {"name" : "회현", "line" : "서울4호선"}, "geometry" : {"type":"Point","coordinates":[126.978762,37.559022]}}, {"type" : "Feature", "properties" : {"name" : "청구역(5호선)", "line" : "서울5호선"}, "geometry" : {"type":"Point","coordinates":[127.013954,37.560205]}}, {"type" : "Feature", "properties" : {"name" : "충정로역(2호선)", "line" : "서울2호선"}, "geometry" : {"type":"Point","coordinates":[126.964536,37.559801]}}, {"type" : "Feature", "properties" : {"name" : "발산", "line" : "서울5호선"}, "geometry" : {"type":"Point","coordinates":[126.837764,37.558681]}}, {"type" : "Feature", "properties" : {"name" : "신촌", "line" : "KTX경부선"}, "geometry" : {"type":"Point","coordinates":[126.941996,37.559667]}}, {"type" : "Feature", "properties" : {"name" : "청라국제도시", "line" : "인천공항철도"}, "geometry" : {"type":"Point","coordinates":[126.624803,37.556465]}}, {"type" : "Feature", "properties" : {"name" : "왕십리역(분당)", "line" : "수인분당선"}, "geometry" : {"type":"Point","coordinates":[127.038788,37.560654]}}, {"type" : "Feature", "properties" : {"name" : "청구역(6호선)", "line" : "서울6호선"}, "geometry" : {"type":"Point","coordinates":[127.013928,37.56058]}}, {"type" : "Feature", "properties" : {"name" : "충정로역(5호선)", "line" : "서울5호선"}, "geometry" : {"type":"Point","coordinates":[126.963057,37.560529]}}, {"type" : "Feature", "properties" : {"name" : "장한평", "line" : "서울5호선"}, "geometry" : {"type":"Point","coordinates":[127.064641,37.561448]}}, {"type" : "Feature", "properties" : {"name" : "왕십리역(2호선)", "line" : "서울2호선"}, "geometry" : {"type":"Point","coordinates":[127.036987,37.561278]}}, {"type" : "Feature", "properties" : {"name" : "명동", "line" : "서울4호선"}, "geometry" : {"type":"Point","coordinates":[126.985741,37.560886]}}, {"type" : "Feature", "properties" : {"name" : "충무로역(4호선)", "line" : "서울4호선"}, "geometry" : {"type":"Point","coordinates":[126.995074,37.561475]}}, {"type" : "Feature", "properties" : {"name" : "왕십리역(일반)", "line" : "KTX강릉선"}, "geometry" : {"type":"Point","coordinates":[127.038481,37.562069]}}, {"type" : "Feature", "properties" : {"name" : "왕십리역(5호선)", "line" : "서울5호선"}, "geometry" : {"type":"Point","coordinates":[127.037356,37.562091]}}, {"type" : "Feature", "properties" : {"name" : "마곡", "line" : "서울5호선"}, "geometry" : {"type":"Point","coordinates":[126.82475,37.560182]}}, {"type" : "Feature", "properties" : {"name" : "용답", "line" : "서울2호선"}, "geometry" : {"type":"Point","coordinates":[127.050603,37.562225]}}, {"type" : "Feature", "properties" : {"name" : "왕십리역(경의)", "line" : "경의중앙선"}, "geometry" : {"type":"Point","coordinates":[127.038307,37.56213]}}, {"type" : "Feature", "properties" : {"name" : "충무로역(3호선)", "line" : "서울3호선"}, "geometry" : {"type":"Point","coordinates":[126.993705,37.561799]}}, {"type" : "Feature", "properties" : {"name" : "송정(5호선)", "line" : "서울5호선"}, "geometry" : {"type":"Point","coordinates":[126.812875,37.561123]}}, {"type" : "Feature", "properties" : {"name" : "가양", "line" : "서울9호선"}, "geometry" : {"type":"Point","coordinates":[126.853666,37.561982]}}, {"type" : "Feature", "properties" : {"name" : "검바위", "line" : "인천2호선"}, "geometry" : {"type":"Point","coordinates":[126.677509,37.560373]}}, {"type" : "Feature", "properties" : {"name" : "김포공항역(공항)", "line" : "인천공항철도"}, "geometry" : {"type":"Point","coordinates":[126.802277,37.561834]}}, {"type" : "Feature", "properties" : {"name" : "김포공항역(9호선)", "line" : "서울9호선"}, "geometry" : {"type":"Point","coordinates":[126.801964,37.56197]}}, {"type" : "Feature", "properties" : {"name" : "시청역(2호선)", "line" : "서울2호선"}, "geometry" : {"type":"Point","coordinates":[126.975615,37.563694]}}, {"type" : "Feature", "properties" : {"name" : "상왕십리", "line" : "서울2호선"}, "geometry" : {"type":"Point","coordinates":[127.029901,37.564206]}}, {"type" : "Feature", "properties" : {"name" : "김포공항역(김포골드)", "line" : "김포골드라인"}, "geometry" : {"type":"Point","coordinates":[126.801978,37.562329]}}, {"type" : "Feature", "properties" : {"name" : "마포구청", "line" : "서울6호선"}, "geometry" : {"type":"Point","coordinates":[126.903413,37.563363]}}, {"type" : "Feature", "properties" : {"name" : "김포공항역(5호선)", "line" : "서울5호선"}, "geometry" : {"type":"Point","coordinates":[126.8013,37.562428]}}, {"type" : "Feature", "properties" : {"name" : "동대문역사문화공원(5호선)", "line" : "서울5호선"}, "geometry" : {"type":"Point","coordinates":[127.005534,37.564693]}}, {"type" : "Feature", "properties" : {"name" : "동대문역사문화공원(4호선)", "line" : "서울4호선"}, "geometry" : {"type":"Point","coordinates":[127.007904,37.565236]}}, {"type" : "Feature", "properties" : {"name" : "중곡", "line" : "서울7호선"}, "geometry" : {"type":"Point","coordinates":[127.08437,37.566054]}}, {"type" : "Feature", "properties" : {"name" : "공항시장", "line" : "서울9호선"}, "geometry" : {"type":"Point","coordinates":[126.810619,37.563738]}}, {"type" : "Feature", "properties" : {"name" : "신당역(2호선)", "line" : "서울2호선"}, "geometry" : {"type":"Point","coordinates":[127.019454,37.565696]}}, {"type" : "Feature", "properties" : {"name" : "마장", "line" : "서울5호선"}, "geometry" : {"type":"Point","coordinates":[127.042622,37.56591]}}, {"type" : "Feature", "properties" : {"name" : "시청역(1호선)", "line" : "서울1호선"}, "geometry" : {"type":"Point","coordinates":[126.977179,37.565374]}}, {"type" : "Feature", "properties" : {"name" : "동대문역사문화공원(2호선)", "line" : "서울2호선"}, "geometry" : {"type":"Point","coordinates":[127.009055,37.565664]}}, {"type" : "Feature", "properties" : {"name" : "신당역(6호선)", "line" : "서울6호선"}, "geometry" : {"type":"Point","coordinates":[127.01617,37.566099]}}, {"type" : "Feature", "properties" : {"name" : "서대문", "line" : "서울5호선"}, "geometry" : {"type":"Point","coordinates":[126.966612,37.565873]}}, {"type" : "Feature", "properties" : {"name" : "을지로입구", "line" : "서울2호선"}, "geometry" : {"type":"Point","coordinates":[126.98262,37.566015]}}, {"type" : "Feature", "properties" : {"name" : "을지로3가역(2호선)", "line" : "서울2호선"}, "geometry" : {"type":"Point","coordinates":[126.990782,37.566285]}}, {"type" : "Feature", "properties" : {"name" : "답십리", "line" : "서울5호선"}, "geometry" : {"type":"Point","coordinates":[127.052591,37.566951]}}, {"type" : "Feature", "properties" : {"name" : "을지로3가역(3호선)", "line" : "서울3호선"}, "geometry" : {"type":"Point","coordinates":[126.992607,37.566599]}}, {"type" : "Feature", "properties" : {"name" : "을지로4가역(2호선)", "line" : "서울2호선"}, "geometry" : {"type":"Point","coordinates":[126.997638,37.566648]}}, {"type" : "Feature", "properties" : {"name" : "을지로4가역(5호선)", "line" : "서울5호선"}, "geometry" : {"type":"Point","coordinates":[126.998059,37.567394]}}, {"type" : "Feature", "properties" : {"name" : "마곡나루역(공항)", "line" : "인천공항철도"}, "geometry" : {"type":"Point","coordinates":[126.828638,37.566026]}}, {"type" : "Feature", "properties" : {"name" : "마곡나루", "line" : "서울9호선"}, "geometry" : {"type":"Point","coordinates":[126.828065,37.56696]}}, {"type" : "Feature", "properties" : {"name" : "귤현", "line" : "인천1호선"}, "geometry" : {"type":"Point","coordinates":[126.74268,37.566378]}}, {"type" : "Feature", "properties" : {"name" : "신방화", "line" : "서울9호선"}, "geometry" : {"type":"Point","coordinates":[126.816948,37.567545]}}, {"type" : "Feature", "properties" : {"name" : "양천향교", "line" : "서울9호선"}, "geometry" : {"type":"Point","coordinates":[126.842467,37.567917]}}, {"type" : "Feature", "properties" : {"name" : "가좌역(경의)", "line" : "KTX경부선"}, "geometry" : {"type":"Point","coordinates":[126.914824,37.568869]}}, {"type" : "Feature", "properties" : {"name" : "신답", "line" : "서울2호선"}, "geometry" : {"type":"Point","coordinates":[127.046449,37.570025]}}, {"type" : "Feature", "properties" : {"name" : "월드컵경기장", "line" : "서울6호선"}, "geometry" : {"type":"Point","coordinates":[126.898787,37.56916]}}, {"type" : "Feature", "properties" : {"name" : "종각", "line" : "서울1호선"}, "geometry" : {"type":"Point","coordinates":[126.982956,37.570165]}}, {"type" : "Feature", "properties" : {"name" : "종로3가역(1호선)", "line" : "서울1호선"}, "geometry" : {"type":"Point","coordinates":[126.992004,37.570434]}}, {"type" : "Feature", "properties" : {"name" : "동대문역(4호선)", "line" : "서울4호선"}, "geometry" : {"type":"Point","coordinates":[127.009344,37.570824]}}, {"type" : "Feature", "properties" : {"name" : "종로5가", "line" : "서울1호선"}, "geometry" : {"type":"Point","coordinates":[127.00191,37.571005]}}, {"type" : "Feature", "properties" : {"name" : "동대문(1호선)", "line" : "서울1호선"}, "geometry" : {"type":"Point","coordinates":[127.010494,37.571657]}}, {"type" : "Feature", "properties" : {"name" : "종로3가역(3호선)", "line" : "서울3호선"}, "geometry" : {"type":"Point","coordinates":[126.991834,37.57163]}}, {"type" : "Feature", "properties" : {"name" : "광화문", "line" : "서울5호선"}, "geometry" : {"type":"Point","coordinates":[126.976275,37.571638]}}, {"type" : "Feature", "properties" : {"name" : "검암역(인천2)", "line" : "인천2호선"}, "geometry" : {"type":"Point","coordinates":[126.675663,37.568726]}}, {"type" : "Feature", "properties" : {"name" : "동묘앞역(6호선)", "line" : "서울6호선"}, "geometry" : {"type":"Point","coordinates":[127.015703,37.572355]}}, {"type" : "Feature", "properties" : {"name" : "검암역(고속)", "line" : "공항철도"}, "geometry" : {"type":"Point","coordinates":[126.673653,37.569022]}}, {"type" : "Feature", "properties" : {"name" : "검암역(공항)", "line" : "인천공항철도"}, "geometry" : {"type":"Point","coordinates":[126.673638,37.56927]}}, {"type" : "Feature", "properties" : {"name" : "종로3가역(5호선)", "line" : "서울5호선"}, "geometry" : {"type":"Point","coordinates":[126.990329,37.572591]}}, {"type" : "Feature", "properties" : {"name" : "동묘앞역(1호선)", "line" : "서울1호선"}, "geometry" : {"type":"Point","coordinates":[127.016227,37.573176]}}, {"type" : "Feature", "properties" : {"name" : "용마산", "line" : "서울7호선"}, "geometry" : {"type":"Point","coordinates":[127.086956,37.57393]}}, {"type" : "Feature", "properties" : {"name" : "용두", "line" : "서울2호선"}, "geometry" : {"type":"Point","coordinates":[127.038128,37.574059]}}, {"type" : "Feature", "properties" : {"name" : "계양역(인천1)", "line" : "인천1호선"}, "geometry" : {"type":"Point","coordinates":[126.736242,37.571525]}}, {"type" : "Feature", "properties" : {"name" : "계양역(공항)", "line" : "인천공항철도"}, "geometry" : {"type":"Point","coordinates":[126.736241,37.571775]}}, {"type" : "Feature", "properties" : {"name" : "개화산", "line" : "서울5호선"}, "geometry" : {"type":"Point","coordinates":[126.806097,37.572506]}}, {"type" : "Feature", "properties" : {"name" : "신설동역(2호선)", "line" : "서울2호선"}, "geometry" : {"type":"Point","coordinates":[127.024772,37.574888]}}, {"type" : "Feature", "properties" : {"name" : "신설동역(1호선)", "line" : "서울1호선"}, "geometry" : {"type":"Point","coordinates":[127.024495,37.576056]}}, {"type" : "Feature", "properties" : {"name" : "독립문", "line" : "서울3호선"}, "geometry" : {"type":"Point","coordinates":[126.95693,37.575529]}}, {"type" : "Feature", "properties" : {"name" : "경복궁", "line" : "서울3호선"}, "geometry" : {"type":"Point","coordinates":[126.973552,37.576008]}}, {"type" : "Feature", "properties" : {"name" : "신설동역(우이)", "line" : "우이신설"}, "geometry" : {"type":"Point","coordinates":[127.023185,37.576574]}}, {"type" : "Feature", "properties" : {"name" : "디지털미디어시티(6호선)", "line" : "서울6호선"}, "geometry" : {"type":"Point","coordinates":[126.901301,37.576029]}}, {"type" : "Feature", "properties" : {"name" : "안국", "line" : "서울3호선"}, "geometry" : {"type":"Point","coordinates":[126.986323,37.576857]}}, {"type" : "Feature", "properties" : {"name" : "제기동", "line" : "서울1호선"}, "geometry" : {"type":"Point","coordinates":[127.034443,37.578154]}}, {"type" : "Feature", "properties" : {"name" : "도심", "line" : "KTX강릉선"}, "geometry" : {"type":"Point","coordinates":[127.222875,37.579553]}}, {"type" : "Feature", "properties" : {"name" : "디지털미디어시티(공항)", "line" : "인천공항철도"}, "geometry" : {"type":"Point","coordinates":[126.897993,37.577455]}}, {"type" : "Feature", "properties" : {"name" : "디지털미디어시티(경의)", "line" : "KTX경부선"}, "geometry" : {"type":"Point","coordinates":[126.900134,37.5778]}}, {"type" : "Feature", "properties" : {"name" : "방화", "line" : "서울5호선"}, "geometry" : {"type":"Point","coordinates":[126.812773,37.577739]}}, {"type" : "Feature", "properties" : {"name" : "청량리역(분당)", "line" : "수인분당선"}, "geometry" : {"type":"Point","coordinates":[127.04838,37.579933]}}, {"type" : "Feature", "properties" : {"name" : "청량리역(경의)", "line" : "경의중앙선"}, "geometry" : {"type":"Point","coordinates":[127.047711,37.58012]}}, {"type" : "Feature", "properties" : {"name" : "청량리역(1호선)", "line" : "서울1호선"}, "geometry" : {"type":"Point","coordinates":[127.045033,37.580103]}}, {"type" : "Feature", "properties" : {"name" : "창신", "line" : "서울6호선"}, "geometry" : {"type":"Point","coordinates":[127.015202,37.580035]}}, {"type" : "Feature", "properties" : {"name" : "사가정", "line" : "서울7호선"}, "geometry" : {"type":"Point","coordinates":[127.088513,37.580661]}}, {"type" : "Feature", "properties" : {"name" : "개화", "line" : "서울9호선"}, "geometry" : {"type":"Point","coordinates":[126.796425,37.578249]}}, {"type" : "Feature", "properties" : {"name" : "청량리역(고속)", "line" : "KTX강릉선"}, "geometry" : {"type":"Point","coordinates":[127.048724,37.580657]}}, {"type" : "Feature", "properties" : {"name" : "청량리역(일반)", "line" : "ITX청춘"}, "geometry" : {"type":"Point","coordinates":[127.048476,37.580692]}}, {"type" : "Feature", "properties" : {"name" : "청량리역(경춘)", "line" : "경춘(전철)"}, "geometry" : {"type":"Point","coordinates":[127.048496,37.58114]}}, {"type" : "Feature", "properties" : {"name" : "수색(경의)", "line" : "KTX경부선"}, "geometry" : {"type":"Point","coordinates":[126.895484,37.58096]}}, {"type" : "Feature", "properties" : {"name" : "혜화", "line" : "서울4호선"}, "geometry" : {"type":"Point","coordinates":[127.001918,37.582121]}}, {"type" : "Feature", "properties" : {"name" : "무악재", "line" : "서울3호선"}, "geometry" : {"type":"Point","coordinates":[126.950238,37.582446]}}, {"type" : "Feature", "properties" : {"name" : "보문역(우이)", "line" : "우이신설"}, "geometry" : {"type":"Point","coordinates":[127.01954,37.585039]}}, {"type" : "Feature", "properties" : {"name" : "증산", "line" : "서울6호선"}, "geometry" : {"type":"Point","coordinates":[126.910138,37.584312]}}, {"type" : "Feature", "properties" : {"name" : "덕소역(경의)", "line" : "경의중앙선"}, "geometry" : {"type":"Point","coordinates":[127.209002,37.586817]}}, {"type" : "Feature", "properties" : {"name" : "보문역(6호선)", "line" : "서울6호선"}, "geometry" : {"type":"Point","coordinates":[127.019807,37.585464]}}, {"type" : "Feature", "properties" : {"name" : "덕소역(일반)", "line" : "KTX강릉선"}, "geometry" : {"type":"Point","coordinates":[127.208761,37.587108]}}, {"type" : "Feature", "properties" : {"name" : "안암", "line" : "서울6호선"}, "geometry" : {"type":"Point","coordinates":[127.029461,37.586342]}}, {"type" : "Feature", "properties" : {"name" : "면목", "line" : "서울7호선"}, "geometry" : {"type":"Point","coordinates":[127.087594,37.588372]}}, {"type" : "Feature", "properties" : {"name" : "독정", "line" : "인천2호선"}, "geometry" : {"type":"Point","coordinates":[126.675905,37.585041]}}, {"type" : "Feature", "properties" : {"name" : "한성대입구", "line" : "서울4호선"}, "geometry" : {"type":"Point","coordinates":[127.006178,37.588493]}}, {"type" : "Feature", "properties" : {"name" : "망상", "line" : "KTX강릉선"}, "geometry" : {"type":"Point","coordinates":[129.097007,37.587676]}}, {"type" : "Feature", "properties" : {"name" : "회기역(경의)", "line" : "KTX강릉선"}, "geometry" : {"type":"Point","coordinates":[127.057975,37.589564]}}, {"type" : "Feature", "properties" : {"name" : "회기역(1호선)", "line" : "서울1호선"}, "geometry" : {"type":"Point","coordinates":[127.058044,37.589826]}}, {"type" : "Feature", "properties" : {"name" : "회기역(경춘)", "line" : "ITX청춘"}, "geometry" : {"type":"Point","coordinates":[127.058502,37.589945]}}, {"type" : "Feature", "properties" : {"name" : "홍제", "line" : "서울3호선"}, "geometry" : {"type":"Point","coordinates":[126.943759,37.589086]}}, {"type" : "Feature", "properties" : {"name" : "고려대", "line" : "서울6호선"}, "geometry" : {"type":"Point","coordinates":[127.036334,37.589971]}}, {"type" : "Feature", "properties" : {"name" : "새절", "line" : "서울6호선"}, "geometry" : {"type":"Point","coordinates":[126.913725,37.591398]}}, {"type" : "Feature", "properties" : {"name" : "망상해수욕장", "line" : "KTX강릉선"}, "geometry" : {"type":"Point","coordinates":[129.090595,37.591384]}}, {"type" : "Feature", "properties" : {"name" : "성신여대입구(우이)", "line" : "우이신설"}, "geometry" : {"type":"Point","coordinates":[127.016532,37.592394]}}, {"type" : "Feature", "properties" : {"name" : "성신여대입구(4호선)", "line" : "서울4호선"}, "geometry" : {"type":"Point","coordinates":[127.01699,37.592896]}}, {"type" : "Feature", "properties" : {"name" : "중랑역(경의)", "line" : "KTX강릉선"}, "geometry" : {"type":"Point","coordinates":[127.076143,37.594873]}}, {"type" : "Feature", "properties" : {"name" : "중랑역(경춘)", "line" : "ITX청춘"}, "geometry" : {"type":"Point","coordinates":[127.076097,37.59501]}}, {"type" : "Feature", "properties" : {"name" : "상봉역(7호선)", "line" : "서울7호선"}, "geometry" : {"type":"Point","coordinates":[127.085737,37.595611]}}, {"type" : "Feature", "properties" : {"name" : "상봉역(경의)", "line" : "경의중앙선"}, "geometry" : {"type":"Point","coordinates":[127.085017,37.596663]}}, {"type" : "Feature", "properties" : {"name" : "외대앞", "line" : "서울1호선"}, "geometry" : {"type":"Point","coordinates":[127.063755,37.596574]}}, {"type" : "Feature", "properties" : {"name" : "상봉역(고속)", "line" : "KTX강릉선"}, "geometry" : {"type":"Point","coordinates":[127.084968,37.596759]}}, {"type" : "Feature", "properties" : {"name" : "상봉역(일반)", "line" : "ITX청춘"}, "geometry" : {"type":"Point","coordinates":[127.084917,37.596844]}}, {"type" : "Feature", "properties" : {"name" : "완정", "line" : "인천2호선"}, "geometry" : {"type":"Point","coordinates":[126.672859,37.593052]}}, {"type" : "Feature", "properties" : {"name" : "상봉역(경춘)", "line" : "경춘(전철)"}, "geometry" : {"type":"Point","coordinates":[127.084837,37.596994]}}, {"type" : "Feature", "properties" : {"name" : "검단오류", "line" : "인천2호선"}, "geometry" : {"type":"Point","coordinates":[126.629912,37.594411]}}, {"type" : "Feature", "properties" : {"name" : "망우역(경의)", "line" : "KTX강릉선"}, "geometry" : {"type":"Point","coordinates":[127.092311,37.599322]}}, {"type" : "Feature", "properties" : {"name" : "왕길", "line" : "인천2호선"}, "geometry" : {"type":"Point","coordinates":[126.642821,37.595162]}}, {"type" : "Feature", "properties" : {"name" : "망우역(경춘)", "line" : "ITX청춘"}, "geometry" : {"type":"Point","coordinates":[127.091768,37.600059]}}, {"type" : "Feature", "properties" : {"name" : "응암", "line" : "서울6호선"}, "geometry" : {"type":"Point","coordinates":[126.915763,37.599076]}}, {"type" : "Feature", "properties" : {"name" : "마전", "line" : "인천2호선"}, "geometry" : {"type":"Point","coordinates":[126.667054,37.597778]}}, {"type" : "Feature", "properties" : {"name" : "신이문", "line" : "서울1호선"}, "geometry" : {"type":"Point","coordinates":[127.067263,37.601734]}}, {"type" : "Feature", "properties" : {"name" : "녹번", "line" : "서울3호선"}, "geometry" : {"type":"Point","coordinates":[126.935793,37.600972]}}, {"type" : "Feature", "properties" : {"name" : "중화", "line" : "서울7호선"}, "geometry" : {"type":"Point","coordinates":[127.079361,37.602285]}}, {"type" : "Feature", "properties" : {"name" : "월곡", "line" : "서울6호선"}, "geometry" : {"type":"Point","coordinates":[127.042014,37.602283]}}, {"type" : "Feature", "properties" : {"name" : "구리", "line" : "KTX강릉선"}, "geometry" : {"type":"Point","coordinates":[127.143006,37.603115]}}, {"type" : "Feature", "properties" : {"name" : "정릉", "line" : "우이신설"}, "geometry" : {"type":"Point","coordinates":[127.013546,37.602665]}}, {"type" : "Feature", "properties" : {"name" : "양정", "line" : "KTX강릉선"}, "geometry" : {"type":"Point","coordinates":[127.194841,37.604256]}}, {"type" : "Feature", "properties" : {"name" : "길음", "line" : "서울4호선"}, "geometry" : {"type":"Point","coordinates":[127.025151,37.603425]}}, {"type" : "Feature", "properties" : {"name" : "고촌역(김포골드)", "line" : "김포골드라인"}, "geometry" : {"type":"Point","coordinates":[126.770325,37.601214]}}, {"type" : "Feature", "properties" : {"name" : "화전", "line" : "KTX경부선"}, "geometry" : {"type":"Point","coordinates":[126.867672,37.603419]}}, {"type" : "Feature", "properties" : {"name" : "검단사거리", "line" : "인천2호선"}, "geometry" : {"type":"Point","coordinates":[126.65665,37.601743]}}, {"type" : "Feature", "properties" : {"name" : "양원(중앙)", "line" : "KTX강릉선"}, "geometry" : {"type":"Point","coordinates":[127.108147,37.606642]}}, {"type" : "Feature", "properties" : {"name" : "상월곡", "line" : "서울6호선"}, "geometry" : {"type":"Point","coordinates":[127.049115,37.606697]}}, {"type" : "Feature", "properties" : {"name" : "역촌", "line" : "서울6호선"}, "geometry" : {"type":"Point","coordinates":[126.922907,37.606284]}}, {"type" : "Feature", "properties" : {"name" : "도농", "line" : "KTX강릉선"}, "geometry" : {"type":"Point","coordinates":[127.16139,37.609109]}}, {"type" : "Feature", "properties" : {"name" : "돌곶이", "line" : "서울6호선"}, "geometry" : {"type":"Point","coordinates":[127.057024,37.610803]}}, {"type" : "Feature", "properties" : {"name" : "먹골", "line" : "서울7호선"}, "geometry" : {"type":"Point","coordinates":[127.077707,37.611055]}}, {"type" : "Feature", "properties" : {"name" : "불광역(3호선)", "line" : "서울3호선"}, "geometry" : {"type":"Point","coordinates":[126.930137,37.610243]}}, {"type" : "Feature", "properties" : {"name" : "불광역(6호선)", "line" : "서울6호선"}, "geometry" : {"type":"Point","coordinates":[126.929304,37.610861]}}, {"type" : "Feature", "properties" : {"name" : "신내역(6호선)", "line" : "서울6호선"}, "geometry" : {"type":"Point","coordinates":[127.104219,37.61251]}}, {"type" : "Feature", "properties" : {"name" : "구산", "line" : "서울6호선"}, "geometry" : {"type":"Point","coordinates":[126.917314,37.611258]}}, {"type" : "Feature", "properties" : {"name" : "북한산보국문", "line" : "우이신설"}, "geometry" : {"type":"Point","coordinates":[127.008308,37.612077]}}, {"type" : "Feature", "properties" : {"name" : "신내", "line" : "ITX청춘"}, "geometry" : {"type":"Point","coordinates":[127.103261,37.612844]}}, {"type" : "Feature", "properties" : {"name" : "미아사거리", "line" : "서울4호선"}, "geometry" : {"type":"Point","coordinates":[127.030099,37.613828]}}, {"type" : "Feature", "properties" : {"name" : "행신역(고속)", "line" : "KTX경부선"}, "geometry" : {"type":"Point","coordinates":[126.835204,37.612109]}}, {"type" : "Feature", "properties" : {"name" : "강매", "line" : "KTX경부선"}, "geometry" : {"type":"Point","coordinates":[126.845271,37.612226]}}, {"type" : "Feature", "properties" : {"name" : "행신역(경의)", "line" : "경의선"}, "geometry" : {"type":"Point","coordinates":[126.83515,37.612264]}}, {"type" : "Feature", "properties" : {"name" : "석계역(6호선)", "line" : "서울6호선"}, "geometry" : {"type":"Point","coordinates":[127.06624,37.615057]}}, {"type" : "Feature", "properties" : {"name" : "석계역(1호선)", "line" : "서울1호선"}, "geometry" : {"type":"Point","coordinates":[127.065616,37.615164]}}, {"type" : "Feature", "properties" : {"name" : "풍무", "line" : "김포골드라인"}, "geometry" : {"type":"Point","coordinates":[126.732451,37.612435]}}, {"type" : "Feature", "properties" : {"name" : "봉화산", "line" : "서울6호선"}, "geometry" : {"type":"Point","coordinates":[127.091751,37.617147]}}, {"type" : "Feature", "properties" : {"name" : "태릉입구역(6호선)", "line" : "서울6호선"}, "geometry" : {"type":"Point","coordinates":[127.074706,37.617366]}}, {"type" : "Feature", "properties" : {"name" : "옥계", "line" : "KTX강릉선"}, "geometry" : {"type":"Point","coordinates":[129.050468,37.616357]}}, {"type" : "Feature", "properties" : {"name" : "태릉입구역(7호선)", "line" : "서울7호선"}, "geometry" : {"type":"Point","coordinates":[127.075414,37.618413]}}, {"type" : "Feature", "properties" : {"name" : "연신내역(6호선)", "line" : "서울6호선"}, "geometry" : {"type":"Point","coordinates":[126.920372,37.618487]}}, {"type" : "Feature", "properties" : {"name" : "독바위", "line" : "서울6호선"}, "geometry" : {"type":"Point","coordinates":[126.933044,37.618723]}}, {"type" : "Feature", "properties" : {"name" : "화랑대", "line" : "서울6호선"}, "geometry" : {"type":"Point","coordinates":[127.084241,37.620337]}}, {"type" : "Feature", "properties" : {"name" : "연신내역(3호선)", "line" : "서울3호선"}, "geometry" : {"type":"Point","coordinates":[126.921122,37.61917]}}, {"type" : "Feature", "properties" : {"name" : "솔샘", "line" : "우이신설"}, "geometry" : {"type":"Point","coordinates":[127.013654,37.620249]}}, {"type" : "Feature", "properties" : {"name" : "능곡", "line" : "경의선"}, "geometry" : {"type":"Point","coordinates":[126.82087,37.619019]}}, {"type" : "Feature", "properties" : {"name" : "삼양사거리", "line" : "우이신설"}, "geometry" : {"type":"Point","coordinates":[127.020554,37.621283]}}, {"type" : "Feature", "properties" : {"name" : "사우(김포시청)", "line" : "김포골드라인"}, "geometry" : {"type":"Point","coordinates":[126.719748,37.620326]}}, {"type" : "Feature", "properties" : {"name" : "광운대역(경춘)", "line" : "경춘(전철)"}, "geometry" : {"type":"Point","coordinates":[127.061947,37.624007]}}, {"type" : "Feature", "properties" : {"name" : "광운대역(1호선)", "line" : "서울1호선"}, "geometry" : {"type":"Point","coordinates":[127.061559,37.624083]}}, {"type" : "Feature", "properties" : {"name" : "공릉", "line" : "서울7호선"}, "geometry" : {"type":"Point","coordinates":[127.073016,37.625609]}}, {"type" : "Feature", "properties" : {"name" : "미아", "line" : "서울4호선"}, "geometry" : {"type":"Point","coordinates":[127.026182,37.626361]}}, {"type" : "Feature", "properties" : {"name" : "삼양", "line" : "우이신설"}, "geometry" : {"type":"Point","coordinates":[127.018168,37.626981]}}, {"type" : "Feature", "properties" : {"name" : "월계", "line" : "서울1호선"}, "geometry" : {"type":"Point","coordinates":[127.058885,37.63268]}}, {"type" : "Feature", "properties" : {"name" : "갈매", "line" : "ITX청춘"}, "geometry" : {"type":"Point","coordinates":[127.114648,37.633928]}}, {"type" : "Feature", "properties" : {"name" : "대곡역(3호선)", "line" : "서울3호선"}, "geometry" : {"type":"Point","coordinates":[126.811089,37.631698]}}, {"type" : "Feature", "properties" : {"name" : "화계", "line" : "우이신설"}, "geometry" : {"type":"Point","coordinates":[127.01758,37.634116]}}, {"type" : "Feature", "properties" : {"name" : "대곡역(경의)", "line" : "경의선"}, "geometry" : {"type":"Point","coordinates":[126.809675,37.632244]}}, {"type" : "Feature", "properties" : {"name" : "걸포북변", "line" : "김포골드라인"}, "geometry" : {"type":"Point","coordinates":[126.705761,37.631646]}}, {"type" : "Feature", "properties" : {"name" : "하계", "line" : "서울7호선"}, "geometry" : {"type":"Point","coordinates":[127.068216,37.635991]}}, {"type" : "Feature", "properties" : {"name" : "금곡", "line" : "ITX청춘"}, "geometry" : {"type":"Point","coordinates":[127.207436,37.637341]}}, {"type" : "Feature", "properties" : {"name" : "화정", "line" : "서울3호선"}, "geometry" : {"type":"Point","coordinates":[126.832718,37.6346]}}, {"type" : "Feature", "properties" : {"name" : "구파발", "line" : "서울3호선"}, "geometry" : {"type":"Point","coordinates":[126.918983,37.637011]}}, {"type" : "Feature", "properties" : {"name" : "수유", "line" : "서울4호선"}, "geometry" : {"type":"Point","coordinates":[127.025715,37.638099]}}, {"type" : "Feature", "properties" : {"name" : "진부", "line" : "KTX강릉선"}, "geometry" : {"type":"Point","coordinates":[128.574519,37.642691]}}, {"type" : "Feature", "properties" : {"name" : "별내", "line" : "ITX청춘"}, "geometry" : {"type":"Point","coordinates":[127.127279,37.6422]}}, {"type" : "Feature", "properties" : {"name" : "가오리", "line" : "우이신설"}, "geometry" : {"type":"Point","coordinates":[127.016798,37.641562]}}, {"type" : "Feature", "properties" : {"name" : "대정", "line" : "경의중앙선"}, "geometry" : {"type":"Point","coordinates":[126.821366,37.641149]}}, {"type" : "Feature", "properties" : {"name" : "마산역(김포골드)", "line" : "김포골드라인"}, "geometry" : {"type":"Point","coordinates":[126.644,37.640611]}}, {"type" : "Feature", "properties" : {"name" : "녹천", "line" : "서울1호선"}, "geometry" : {"type":"Point","coordinates":[127.051334,37.645065]}}, {"type" : "Feature", "properties" : {"name" : "중계", "line" : "서울7호선"}, "geometry" : {"type":"Point","coordinates":[127.063965,37.64544]}}, {"type" : "Feature", "properties" : {"name" : "백석", "line" : "서울3호선"}, "geometry" : {"type":"Point","coordinates":[126.787996,37.643061]}}, {"type" : "Feature", "properties" : {"name" : "양촌", "line" : "김포골드라인"}, "geometry" : {"type":"Point","coordinates":[126.614624,37.641788]}}, {"type" : "Feature", "properties" : {"name" : "퇴계원역(일반)", "line" : "ITX청춘"}, "geometry" : {"type":"Point","coordinates":[127.14369,37.648178]}}, {"type" : "Feature", "properties" : {"name" : "퇴계원역(경춘)", "line" : "경춘(전철)"}, "geometry" : {"type":"Point","coordinates":[127.143551,37.648299]}}, {"type" : "Feature", "properties" : {"name" : "장기", "line" : "김포골드라인"}, "geometry" : {"type":"Point","coordinates":[126.669067,37.64405]}}, {"type" : "Feature", "properties" : {"name" : "곡산", "line" : "경의선"}, "geometry" : {"type":"Point","coordinates":[126.801758,37.645876]}}, {"type" : "Feature", "properties" : {"name" : "쌍문", "line" : "서울4호선"}, "geometry" : {"type":"Point","coordinates":[127.034627,37.648382]}}, {"type" : "Feature", "properties" : {"name" : "지축", "line" : "서울3호선"}, "geometry" : {"type":"Point","coordinates":[126.914294,37.64795]}}, {"type" : "Feature", "properties" : {"name" : "구래", "line" : "김포골드라인"}, "geometry" : {"type":"Point","coordinates":[126.628566,37.645395]}}, {"type" : "Feature", "properties" : {"name" : "4.19민주묘지", "line" : "우이신설"}, "geometry" : {"type":"Point","coordinates":[127.013776,37.649534]}}, {"type" : "Feature", "properties" : {"name" : "사릉역(경춘)", "line" : "경춘(전철)"}, "geometry" : {"type":"Point","coordinates":[127.176893,37.651145]}}, {"type" : "Feature", "properties" : {"name" : "사릉역(일반)", "line" : "ITX청춘"}, "geometry" : {"type":"Point","coordinates":[127.176155,37.651285]}}, {"type" : "Feature", "properties" : {"name" : "마석역(일반)", "line" : "ITX청춘"}, "geometry" : {"type":"Point","coordinates":[127.311723,37.652534]}}, {"type" : "Feature", "properties" : {"name" : "마석역(경춘)", "line" : "경춘(전철)"}, "geometry" : {"type":"Point","coordinates":[127.311467,37.652748]}}, {"type" : "Feature", "properties" : {"name" : "평내호평역(일반)", "line" : "ITX청춘"}, "geometry" : {"type":"Point","coordinates":[127.244327,37.65298]}}, {"type" : "Feature", "properties" : {"name" : "원흥", "line" : "서울3호선"}, "geometry" : {"type":"Point","coordinates":[126.873741,37.650133]}}, {"type" : "Feature", "properties" : {"name" : "평내호평역(경춘)", "line" : "경춘(전철)"}, "geometry" : {"type":"Point","coordinates":[127.244327,37.6532]}}, {"type" : "Feature", "properties" : {"name" : "창동역(4호선)", "line" : "서울4호선"}, "geometry" : {"type":"Point","coordinates":[127.048089,37.653305]}}, {"type" : "Feature", "properties" : {"name" : "창동역(1호선)", "line" : "서울1호선"}, "geometry" : {"type":"Point","coordinates":[127.047633,37.653389]}}, {"type" : "Feature", "properties" : {"name" : "원당", "line" : "서울3호선"}, "geometry" : {"type":"Point","coordinates":[126.842707,37.652162]}}, {"type" : "Feature", "properties" : {"name" : "삼송", "line" : "서울3호선"}, "geometry" : {"type":"Point","coordinates":[126.895487,37.653051]}}, {"type" : "Feature", "properties" : {"name" : "마두", "line" : "서울3호선"}, "geometry" : {"type":"Point","coordinates":[126.777831,37.651909]}}, {"type" : "Feature", "properties" : {"name" : "노원역(7호선)", "line" : "서울7호선"}, "geometry" : {"type":"Point","coordinates":[127.060385,37.655027]}}, {"type" : "Feature", "properties" : {"name" : "노원역(4호선)", "line" : "서울4호선"}, "geometry" : {"type":"Point","coordinates":[127.063316,37.656335]}}, {"type" : "Feature", "properties" : {"name" : "솔밭공원", "line" : "우이신설"}, "geometry" : {"type":"Point","coordinates":[127.013282,37.656028]}}, {"type" : "Feature", "properties" : {"name" : "천마산", "line" : "ITX청춘"}, "geometry" : {"type":"Point","coordinates":[127.285437,37.658936]}}, {"type" : "Feature", "properties" : {"name" : "운양", "line" : "김포골드라인"}, "geometry" : {"type":"Point","coordinates":[126.683842,37.653778]}}, {"type" : "Feature", "properties" : {"name" : "상계", "line" : "서울4호선"}, "geometry" : {"type":"Point","coordinates":[127.073011,37.660391]}}, {"type" : "Feature", "properties" : {"name" : "백마", "line" : "경의선"}, "geometry" : {"type":"Point","coordinates":[126.794396,37.658525]}}, {"type" : "Feature", "properties" : {"name" : "정발산", "line" : "서울3호선"}, "geometry" : {"type":"Point","coordinates":[126.773303,37.659718]}}, {"type" : "Feature", "properties" : {"name" : "북한산우이", "line" : "우이신설"}, "geometry" : {"type":"Point","coordinates":[127.012706,37.663035]}}, {"type" : "Feature", "properties" : {"name" : "원릉", "line" : "경의중앙선"}, "geometry" : {"type":"Point","coordinates":[126.840123,37.662463]}}, {"type" : "Feature", "properties" : {"name" : "마들", "line" : "서울7호선"}, "geometry" : {"type":"Point","coordinates":[127.057744,37.664883]}}, {"type" : "Feature", "properties" : {"name" : "방학", "line" : "서울1호선"}, "geometry" : {"type":"Point","coordinates":[127.044372,37.66752]}}, {"type" : "Feature", "properties" : {"name" : "당고개", "line" : "서울4호선"}, "geometry" : {"type":"Point","coordinates":[127.078475,37.66971]}}, {"type" : "Feature", "properties" : {"name" : "주엽", "line" : "서울3호선"}, "geometry" : {"type":"Point","coordinates":[126.761418,37.670093]}}, {"type" : "Feature", "properties" : {"name" : "풍산", "line" : "경의선"}, "geometry" : {"type":"Point","coordinates":[126.786573,37.671961]}}, {"type" : "Feature", "properties" : {"name" : "수락산", "line" : "서울7호선"}, "geometry" : {"type":"Point","coordinates":[127.055347,37.678236]}}, {"type" : "Feature", "properties" : {"name" : "대화", "line" : "서울3호선"}, "geometry" : {"type":"Point","coordinates":[126.748028,37.675957]}}, {"type" : "Feature", "properties" : {"name" : "도봉", "line" : "서울1호선"}, "geometry" : {"type":"Point","coordinates":[127.045601,37.679411]}}, {"type" : "Feature", "properties" : {"name" : "벽제", "line" : "경의중앙선"}, "geometry" : {"type":"Point","coordinates":[126.893818,37.680096]}}, {"type" : "Feature", "properties" : {"name" : "대성리", "line" : "ITX청춘"}, "geometry" : {"type":"Point","coordinates":[127.379563,37.684002]}}, {"type" : "Feature", "properties" : {"name" : "삼릉", "line" : "경의중앙선"}, "geometry" : {"type":"Point","coordinates":[126.850985,37.68019]}}, {"type" : "Feature", "properties" : {"name" : "일산", "line" : "경의선"}, "geometry" : {"type":"Point","coordinates":[126.769133,37.68235]}}, {"type" : "Feature", "properties" : {"name" : "도봉산역(1호선)", "line" : "서울1호선"}, "geometry" : {"type":"Point","coordinates":[127.046039,37.689447]}}, {"type" : "Feature", "properties" : {"name" : "도봉산역(7호선)", "line" : "서울7호선"}, "geometry" : {"type":"Point","coordinates":[127.046397,37.689771]}}, {"type" : "Feature", "properties" : {"name" : "정동진", "line" : "동해~강릉 셔틀"}, "geometry" : {"type":"Point","coordinates":[129.032467,37.691808]}}, {"type" : "Feature", "properties" : {"name" : "탄현", "line" : "경의선"}, "geometry" : {"type":"Point","coordinates":[126.761327,37.693618]}}, {"type" : "Feature", "properties" : {"name" : "장암", "line" : "서울7호선"}, "geometry" : {"type":"Point","coordinates":[127.051953,37.699082]}}, {"type" : "Feature", "properties" : {"name" : "일영", "line" : "경의중앙선"}, "geometry" : {"type":"Point","coordinates":[126.929191,37.700566]}}, {"type" : "Feature", "properties" : {"name" : "망월사", "line" : "서울1호선"}, "geometry" : {"type":"Point","coordinates":[127.04736,37.710275]}}, {"type" : "Feature", "properties" : {"name" : "야당", "line" : "경의선"}, "geometry" : {"type":"Point","coordinates":[126.761459,37.71245]}}, {"type" : "Feature", "properties" : {"name" : "온릉", "line" : "경의중앙선"}, "geometry" : {"type":"Point","coordinates":[126.948905,37.718243]}}, {"type" : "Feature", "properties" : {"name" : "장흥", "line" : "경의중앙선"}, "geometry" : {"type":"Point","coordinates":[126.941797,37.718661]}}, {"type" : "Feature", "properties" : {"name" : "송추", "line" : "경의중앙선"}, "geometry" : {"type":"Point","coordinates":[126.979551,37.720615]}}, {"type" : "Feature", "properties" : {"name" : "회룡역(1호선)", "line" : "서울1호선"}, "geometry" : {"type":"Point","coordinates":[127.047301,37.723713]}}, {"type" : "Feature", "properties" : {"name" : "회룡역(의정부)", "line" : "의정부경전철"}, "geometry" : {"type":"Point","coordinates":[127.046691,37.725132]}}, {"type" : "Feature", "properties" : {"name" : "발곡", "line" : "의정부경전철"}, "geometry" : {"type":"Point","coordinates":[127.052946,37.727004]}}, {"type" : "Feature", "properties" : {"name" : "운정", "line" : "경의선"}, "geometry" : {"type":"Point","coordinates":[126.767194,37.725328]}}, {"type" : "Feature", "properties" : {"name" : "범골", "line" : "의정부경전철"}, "geometry" : {"type":"Point","coordinates":[127.043675,37.728795]}}, {"type" : "Feature", "properties" : {"name" : "청평역(일반)", "line" : "ITX청춘"}, "geometry" : {"type":"Point","coordinates":[127.427125,37.735337]}}, {"type" : "Feature", "properties" : {"name" : "청평역(경춘)", "line" : "경춘(전철)"}, "geometry" : {"type":"Point","coordinates":[127.426572,37.735565]}}, {"type" : "Feature", "properties" : {"name" : "탑석", "line" : "의정부경전철"}, "geometry" : {"type":"Point","coordinates":[127.088915,37.733468]}}, {"type" : "Feature", "properties" : {"name" : "송산", "line" : "의정부경전철"}, "geometry" : {"type":"Point","coordinates":[127.087274,37.737275]}}, {"type" : "Feature", "properties" : {"name" : "경전철의정부", "line" : "의정부경전철"}, "geometry" : {"type":"Point","coordinates":[127.043307,37.737404]}}, {"type" : "Feature", "properties" : {"name" : "안인", "line" : "KTX강릉선"}, "geometry" : {"type":"Point","coordinates":[128.97901,37.737795]}}, {"type" : "Feature", "properties" : {"name" : "의정부", "line" : "서울1호선"}, "geometry" : {"type":"Point","coordinates":[127.046223,37.738405]}}, {"type" : "Feature", "properties" : {"name" : "의정부시청", "line" : "의정부경전철"}, "geometry" : {"type":"Point","coordinates":[127.034864,37.739263]}}, {"type" : "Feature", "properties" : {"name" : "어룡", "line" : "의정부경전철"}, "geometry" : {"type":"Point","coordinates":[127.085225,37.742695]}}, {"type" : "Feature", "properties" : {"name" : "흥선", "line" : "의정부경전철"}, "geometry" : {"type":"Point","coordinates":[127.037119,37.74329]}}, {"type" : "Feature", "properties" : {"name" : "의정부중앙", "line" : "의정부경전철"}, "geometry" : {"type":"Point","coordinates":[127.049661,37.74368]}}, {"type" : "Feature", "properties" : {"name" : "동오", "line" : "의정부경전철"}, "geometry" : {"type":"Point","coordinates":[127.056982,37.745268]}}, {"type" : "Feature", "properties" : {"name" : "새말", "line" : "의정부경전철"}, "geometry" : {"type":"Point","coordinates":[127.06379,37.748868]}}, {"type" : "Feature", "properties" : {"name" : "가능", "line" : "서울1호선"}, "geometry" : {"type":"Point","coordinates":[127.044014,37.749458]}}, {"type" : "Feature", "properties" : {"name" : "곤제", "line" : "의정부경전철"}, "geometry" : {"type":"Point","coordinates":[127.083849,37.750507]}}, {"type" : "Feature", "properties" : {"name" : "경기도청북부청사", "line" : "의정부경전철"}, "geometry" : {"type":"Point","coordinates":[127.071615,37.750779]}}, {"type" : "Feature", "properties" : {"name" : "금릉", "line" : "경의선"}, "geometry" : {"type":"Point","coordinates":[126.765911,37.751047]}}, {"type" : "Feature", "properties" : {"name" : "효자(의정부)", "line" : "의정부경전철"}, "geometry" : {"type":"Point","coordinates":[127.077287,37.754004]}}, {"type" : "Feature", "properties" : {"name" : "녹양", "line" : "서울1호선"}, "geometry" : {"type":"Point","coordinates":[127.042052,37.759249]}}, {"type" : "Feature", "properties" : {"name" : "상천", "line" : "ITX청춘"}, "geometry" : {"type":"Point","coordinates":[127.454498,37.770184]}}, {"type" : "Feature", "properties" : {"name" : "금촌", "line" : "경의선"}, "geometry" : {"type":"Point","coordinates":[126.774057,37.76599]}}, {"type" : "Feature", "properties" : {"name" : "강릉역(일반)", "line" : "동해~강릉 셔틀"}, "geometry" : {"type":"Point","coordinates":[128.899508,37.764473]}}, {"type" : "Feature", "properties" : {"name" : "양주", "line" : "서울1호선"}, "geometry" : {"type":"Point","coordinates":[127.044606,37.772794]}}, {"type" : "Feature", "properties" : {"name" : "월롱", "line" : "경의선"}, "geometry" : {"type":"Point","coordinates":[126.792636,37.795092]}}, {"type" : "Feature", "properties" : {"name" : "강촌역(일반)", "line" : "ITX청춘"}, "geometry" : {"type":"Point","coordinates":[127.634127,37.805638]}}, {"type" : "Feature", "properties" : {"name" : "강촌역(경춘)", "line" : "경춘(전철)"}, "geometry" : {"type":"Point","coordinates":[127.634116,37.805748]}}, {"type" : "Feature", "properties" : {"name" : "가평역(일반)", "line" : "ITX청춘"}, "geometry" : {"type":"Point","coordinates":[127.510725,37.814268]}}, {"type" : "Feature", "properties" : {"name" : "가평역(경춘)", "line" : "경춘(전철)"}, "geometry" : {"type":"Point","coordinates":[127.510716,37.814519]}}, {"type" : "Feature", "properties" : {"name" : "김유정", "line" : "ITX청춘"}, "geometry" : {"type":"Point","coordinates":[127.714298,37.818478]}}, {"type" : "Feature", "properties" : {"name" : "파주", "line" : "경의선"}, "geometry" : {"type":"Point","coordinates":[126.792944,37.814929]}}, {"type" : "Feature", "properties" : {"name" : "덕계", "line" : "서울1호선"}, "geometry" : {"type":"Point","coordinates":[127.056414,37.817966]}}, {"type" : "Feature", "properties" : {"name" : "백양리", "line" : "ITX청춘"}, "geometry" : {"type":"Point","coordinates":[127.589253,37.8308]}}, {"type" : "Feature", "properties" : {"name" : "굴봉산", "line" : "ITX청춘"}, "geometry" : {"type":"Point","coordinates":[127.557708,37.832061]}}, {"type" : "Feature", "properties" : {"name" : "덕정", "line" : "서울1호선"}, "geometry" : {"type":"Point","coordinates":[127.061654,37.843675]}}, {"type" : "Feature", "properties" : {"name" : "문산", "line" : "경의선"}, "geometry" : {"type":"Point","coordinates":[126.787931,37.855099]}}, {"type" : "Feature", "properties" : {"name" : "남춘천역(경춘)", "line" : "경춘(전철)"}, "geometry" : {"type":"Point","coordinates":[127.723788,37.864081]}}, {"type" : "Feature", "properties" : {"name" : "남춘천역(일반)", "line" : "ITX청춘"}, "geometry" : {"type":"Point","coordinates":[127.723668,37.864204]}}, {"type" : "Feature", "properties" : {"name" : "춘천역(일반)", "line" : "ITX청춘"}, "geometry" : {"type":"Point","coordinates":[127.716993,37.884761]}}, {"type" : "Feature", "properties" : {"name" : "춘천역(경춘)", "line" : "경춘(전철)"}, "geometry" : {"type":"Point","coordinates":[127.716994,37.885105]}}, {"type" : "Feature", "properties" : {"name" : "운천", "line" : "경의선"}, "geometry" : {"type":"Point","coordinates":[126.771381,37.879151]}}, {"type" : "Feature", "properties" : {"name" : "임진강", "line" : "경의선"}, "geometry" : {"type":"Point","coordinates":[126.746915,37.888713]}}, {"type" : "Feature", "properties" : {"name" : "지행", "line" : "서울1호선"}, "geometry" : {"type":"Point","coordinates":[127.055822,37.892583]}}, {"type" : "Feature", "properties" : {"name" : "동두천중앙", "line" : "서울1호선"}, "geometry" : {"type":"Point","coordinates":[127.056541,37.902178]}}, {"type" : "Feature", "properties" : {"name" : "도라산", "line" : "경의중앙선"}, "geometry" : {"type":"Point","coordinates":[126.696275,37.903011]}}, {"type" : "Feature", "properties" : {"name" : "보산", "line" : "서울1호선"}, "geometry" : {"type":"Point","coordinates":[127.057173,37.914575]}}, {"type" : "Feature", "properties" : {"name" : "동두천역(1호선)", "line" : "서울1호선"}, "geometry" : {"type":"Point","coordinates":[127.054899,37.927626]}}, {"type" : "Feature", "properties" : {"name" : "동두천역(일반)", "line" : "경원선"}, "geometry" : {"type":"Point","coordinates":[127.055015,37.92797]}}, {"type" : "Feature", "properties" : {"name" : "소요산역(1호선)", "line" : "서울1호선"}, "geometry" : {"type":"Point","coordinates":[127.061075,37.948684]}}, {"type" : "Feature", "properties" : {"name" : "소요산역(일반)", "line" : "경원선"}, "geometry" : {"type":"Point","coordinates":[127.061243,37.949004]}}, {"type" : "Feature", "properties" : {"name" : "초성리", "line" : "경원선"}, "geometry" : {"type":"Point","coordinates":[127.067711,37.982253]}}, {"type" : "Feature", "properties" : {"name" : "한탄강", "line" : "경원선"}, "geometry" : {"type":"Point","coordinates":[127.065434,38.006858]}}, {"type" : "Feature", "properties" : {"name" : "전곡", "line" : "경원선"}, "geometry" : {"type":"Point","coordinates":[127.071674,38.024772]}}, {"type" : "Feature", "properties" : {"name" : "연천", "line" : "경원선"}, "geometry" : {"type":"Point","coordinates":[127.07391,38.101405]}}, {"type" : "Feature", "properties" : {"name" : "신망리", "line" : "경원선"}, "geometry" : {"type":"Point","coordinates":[127.077555,38.13235]}}, {"type" : "Feature", "properties" : {"name" : "대광리", "line" : "경원선"}, "geometry" : {"type":"Point","coordinates":[127.108402,38.185167]}}, {"type" : "Feature", "properties" : {"name" : "신탄리", "line" : "경원선"}, "geometry" : {"type":"Point","coordinates":[127.139143,38.212701]}}, {"type" : "Feature", "properties" : {"name" : "백마고지", "line" : "경원선"}, "geometry" : {"type":"Point","coordinates":[127.166155,38.257549]}}, {"type" : "Feature", "properties" : {"name" : "김제역(고속)", "line" : "KTX호남선"}, "geometry" : {"type":"Point","coordinates":[126.903209,35.792528]}}, {"type" : "Feature", "properties" : {"name" : "장성역(고속)", "line" : "KTX호남선"}, "geometry" : {"type":"Point","coordinates":[126.779466,35.299732]}}, {"type" : "Feature", "properties" : {"name" : "강릉역(고속)", "line" : "KTX강릉선"}, "geometry" : {"type":"Point","coordinates":[128.899181,37.764724]}}, {"type" : "Feature", "properties" : {"name" : "송도달빛축제공원", "line" : "인천1호선"}, "geometry" : {"type":"Point","coordinates":[126.625724,37.407123]}}, {"type" : "Feature", "properties" : {"name" : "강일", "line" : "서울5호선"}, "geometry" : {"type":"Point","coordinates":[127.175647,37.557431]}}, {"type" : "Feature", "properties" : {"name" : "미사", "line" : "서울5호선"}, "geometry" : {"type":"Point","coordinates":[127.192511,37.563014]}}, {"type" : "Feature", "properties" : {"name" : "하남풍산", "line" : "서울5호선"}, "geometry" : {"type":"Point","coordinates":[127.203963,37.552334]}}, {"type" : "Feature", "properties" : {"name" : "부산원동", "line" : "경부선"}, "geometry" : {"type":"Point","coordinates":[129.114219,35.193624]}}, {"type" : "Feature", "properties" : {"name" : "정왕(수인선)", "line" : "수인분당선"}, "geometry" : {"type":"Point","coordinates":[126.743226,37.351697]}}, {"type" : "Feature", "properties" : {"name" : "신길온천(수인선)", "line" : "수인분당선"}, "geometry" : {"type":"Point","coordinates":[126.767125,37.337907]}}, {"type" : "Feature", "properties" : {"name" : "안산(수인선)", "line" : "수인분당선"}, "geometry" : {"type":"Point","coordinates":[126.789198,37.327325]}}, {"type" : "Feature", "properties" : {"name" : "초지(수인선)", "line" : "수인분당선"}, "geometry" : {"type":"Point","coordinates":[126.806735,37.320357]}}, {"type" : "Feature", "properties" : {"name" : "고잔(수인선)", "line" : "수인분당선"}, "geometry" : {"type":"Point","coordinates":[126.822519,37.316813]}}, {"type" : "Feature", "properties" : {"name" : "중앙(수인선)", "line" : "수인분당선"}, "geometry" : {"type":"Point","coordinates":[126.83863,37.316051]}}, {"type" : "Feature", "properties" : {"name" : "한대앞(수인선)", "line" : "수인분당선"}, "geometry" : {"type":"Point","coordinates":[126.853471,37.309498]}}, {"type" : "Feature", "properties" : {"name" : "사리", "line" : "수인분당선"}, "geometry" : {"type":"Point","coordinates":[126.857006,37.290398]}}, {"type" : "Feature", "properties" : {"name" : "야목", "line" : "수인분당선"}, "geometry" : {"type":"Point","coordinates":[126.883707,37.261494]}}, {"type" : "Feature", "properties" : {"name" : "어천", "line" : "수인분당선"}, "geometry" : {"type":"Point","coordinates":[126.908756,37.250091]}}, {"type" : "Feature", "properties" : {"name" : "오목천", "line" : "수인분당선"}, "geometry" : {"type":"Point","coordinates":[126.963883,37.243397]}}, {"type" : "Feature", "properties" : {"name" : "고색", "line" : "수인분당선"}, "geometry" : {"type":"Point","coordinates":[126.980521,37.249825]}}, {"type" : "Feature", "properties" : {"name" : "간치", "line" : "장항선"}, "geometry" : {"type":"Point","coordinates":[126.620444,36.210487]}}, {"type" : "Feature", "properties" : {"name" : "웅천", "line" : "장항선"}, "geometry" : {"type":"Point","coordinates":[126.602268,36.235068]}}, {"type" : "Feature", "properties" : {"name" : "동해(고속)", "line" : "KTX강릉선"}, "geometry" : {"type":"Point","coordinates":[129.123718,37.499064]}}, {"type" : "Feature", "properties" : {"name" : "정동진(고속)", "line" : "KTX강릉선"}, "geometry" : {"type":"Point","coordinates":[129.032322,37.691681]}}, {"type" : "Feature", "properties" : {"name" : "묵호(고속)", "line" : "KTX강릉선"}, "geometry" : {"type":"Point","coordinates":[129.10759,37.547581]}}]}
